filename,cls,path,stem,width,height,aspect,mode,n_masks,intensity_mean,intensity_std,intensity_min,intensity_max,intensity_p05,intensity_p95,img_md5,phash,lesion_px,area_ratio,has_lesion,bbox_x_norm,bbox_y_norm,circularity,solidity,extent,bbox_aspect,eccentricity
benign (1).png,benign,datasets/Breast-Cancer-Ultrasound-Images-Dataset/Dataset_BUSI_with_GT\benign\benign (1).png,benign (1),562,471,1.1932059447983014,RGB,1,132.37514639103597,58.393188832411404,0,255,34.0,225.0,96e5a08ef7b9c9429afac7aa75dfe0a6,d4e80bc73485eea3,984,0.0037173878550218736,True,0.5569395017793595,0.31104033970276007,0.6718649131950258,0.9448134900357691,0.697209653092006,1.9615384615384615,0.8421470326761852
benign (10).png,benign,datasets/Breast-Cancer-Ultrasound-Images-Dataset/Dataset_BUSI_with_GT\benign\benign (10).png,benign (10),683,585,1.1675213675213676,RGB,1,103.24073281525698,58.32429325955035,0,255,2.0,202.0,c361932f412319342d95a68dd6229d50,fe8e1fe1e18e01c1,32918,0.08238665515385867,True,0.18740849194729137,0.28205128205128205,0.8300374264403079,0.9892598716645682,0.791938891992325,1.0609137055837563,0.48374780949659985
benign (100).png,benign,datasets/Breast-Cancer-Ultrasound-Images-Dataset/Dataset_BUSI_with_GT\benign\benign (100).png,benign (100),323,473,0.6828752642706131,RGB,2,90.10784859175672,67.72778108244343,0,255,20.0,211.0,c8ef9022b23dd1a8f1a3046b5b11ff41,b4dac7a561685a1e,10011,0.06552602124637548,True,0.5046439628482973,0.346723044397463,0.7973086247612855,0.9859444878256549,0.7162231848184818,1.0520833333333333,0.783548093750954
benign (101).png,benign,datasets/Breast-Cancer-Ultrasound-Images-Dataset/Dataset_BUSI_with_GT\benign\benign (101).png,benign (101),563,473,1.190274841437632,RGB,1,103.22568991997717,57.23015980029427,0,255,15.0,197.0,6199b14831c04cebd43b7f568227c7d4,acd21a6df0da8ca5,4167,0.015647824437943814,True,0.8650088809946714,0.4164904862579281,0.7580392388280991,0.983843537414966,0.8020400079223609,1.9411764705882353,0.8510861383096991
benign (102).png,benign,datasets/Breast-Cancer-Ultrasound-Images-Dataset/Dataset_BUSI_with_GT\benign\benign (102).png,benign (102),634,610,1.039344262295082,RGB,1,54.390259605936805,37.92308117239072,0,239,7.0,130.0,10c710780094c714b4c423385e21c13b,a5e5d6929a4999d8,18857,0.048758856079019496,True,0.5623028391167192,0.1885245901639344,0.8308013436919179,0.9884810361759163,0.8009247311827957,1.488,0.7215870127911789
benign (103).png,benign,datasets/Breast-Cancer-Ultrasound-Images-Dataset/Dataset_BUSI_with_GT\benign\benign (103).png,benign (103),766,585,1.3094017094017094,RGB,1,89.7612327330343,55.68211531122989,0,255,5.0,181.0,9aaf91245c6a331d4c36e599716ea784,c29ee0c419b9e8de,49587,0.11065809734217046,True,0.25783289817232374,0.4282051282051282,0.7558880996840378,0.9893397696987982,0.7650164862510888,1.8191489361702127,0.8369852015128082
benign (104).png,benign,datasets/Breast-Cancer-Ultrasound-Images-Dataset/Dataset_BUSI_with_GT\benign\benign (104).png,benign (104),777,578,1.3442906574394464,RGB,1,98.20225737353765,55.69894125405646,0,255,18.0,194.0,78304e8686772ead15b5dd77e424ddd3,86cb7130687c74dd,3930,0.008750718093278646,True,0.8326898326898327,0.14965397923875431,0.7759564434615385,0.9790918419702411,0.7941115272575947,1.6481481481481481,0.8322294076910762
benign (105).png,benign,datasets/Breast-Cancer-Ultrasound-Images-Dataset/Dataset_BUSI_with_GT\benign\benign (105).png,benign (105),882,581,1.5180722891566265,RGB,1,99.87637430187222,56.785385870408035,0,255,14.0,193.0,580c891c3dcdca098979f1cf881fb230,d4e63b992976c6a0,8813,0.017198043876185013,True,0.5487528344671202,0.3433734939759036,0.8062559118242691,0.9834053193907706,0.7452196382428941,1.4333333333333333,0.7350695352709133
benign (106).png,benign,datasets/Breast-Cancer-Ultrasound-Images-Dataset/Dataset_BUSI_with_GT\benign\benign (106).png,benign (106),808,716,1.1284916201117319,RGB,1,73.78538117429062,47.53487336472473,0,255,15.0,163.0,bd7ef0a0e2e6473adb2e7f219149b577,acb9734606577839,11670,0.020171884506886444,True,0.36014851485148514,0.32053072625698326,0.8467879917619451,0.982676761195945,0.7829198473282443,1.1696428571428572,0.5527205947350021
benign (107).png,benign,datasets/Breast-Cancer-Ultrasound-Images-Dataset/Dataset_BUSI_with_GT\benign\benign (107).png,benign (107),759,616,1.2321428571428572,RGB,1,78.30576587444176,63.36029823248396,0,255,1.0,188.0,d4670e8ad0e490925396af4818a07ef9,85816b3be6e6d898,9871,0.021112451448419826,True,0.5764163372859025,0.4537337662337662,0.7951858614174054,0.9841140943003603,0.7768429487179487,1.3541666666666667,0.6795479109233028
benign (108).png,benign,datasets/Breast-Cancer-Ultrasound-Images-Dataset/Dataset_BUSI_with_GT\benign\benign (108).png,benign (108),769,582,1.3213058419243986,RGB,1,101.42567443772651,41.048223107486635,0,255,30.0,165.0,dc08583bb3311d9ac38724d0fcd5a134,80a00ccc339effdd,13857,0.030961350260748328,True,0.834850455136541,0.2620274914089347,0.6446593746144322,0.9615113243491145,0.6537852619458837,1.787037037037037,0.9253882611153712
benign (109).png,benign,datasets/Breast-Cancer-Ultrasound-Images-Dataset/Dataset_BUSI_with_GT\benign\benign (109).png,benign (109),562,470,1.195744680851064,RGB,1,75.17331339441205,59.70483653303939,0,255,4.0,183.0,e1dce99d6d14432ba4a0ef4b86d70d6f,a1bcc5c3783c079b,28435,0.10765124555160142,True,0.2900355871886121,0.3595744680851064,0.8121956600552136,0.9849680636976114,0.7717811600164541,1.3393939393939394,0.725442133395686
benign (11).png,benign,datasets/Breast-Cancer-Ultrasound-Images-Dataset/Dataset_BUSI_with_GT\benign\benign (11).png,benign (11),689,587,1.1737649063032367,RGB,1,133.2340181434714,41.62867426699299,0,255,70.0,208.0,b4f7afd6b737975f89ed16ee99aeef3f,c1a71cd82dbbc346,1951,0.004823918327180839,True,0.5841799709724238,0.2563884156729131,0.6686189825031456,0.9530252744447281,0.6822002923976608,1.894736842105263,0.834854049095205
benign (110).png,benign,datasets/Breast-Cancer-Ultrasound-Images-Dataset/Dataset_BUSI_with_GT\benign\benign (110).png,benign (110),555,468,1.185897435897436,RGB,1,53.54469084469085,47.46473218802777,0,255,10.0,154.0,9a0522e2779f1f2d4796f2c2f3e25c3e,cbeb349d8781a1b2,37724,0.14523754523754523,True,0.42252252252252254,0.21794871794871795,0.7250239591298148,0.9914276994121471,0.8372893132508518,2.1818181818181817,0.8657668116424321
benign (111).png,benign,datasets/Breast-Cancer-Ultrasound-Images-Dataset/Dataset_BUSI_with_GT\benign\benign (111).png,benign (111),315,477,0.660377358490566,RGB,1,101.60301487471298,73.09177970778678,2,255,23.0,224.0,c3c9c4afed342db784faee2702296994,bae8cc1212e0ecfd,2367,0.015753219526804432,True,0.6301587301587301,0.350104821802935,0.8090562419508486,0.9766645257974738,0.7920138888888889,1.4222222222222223,0.7045142862064476
benign (112).png,benign,datasets/Breast-Cancer-Ultrasound-Images-Dataset/Dataset_BUSI_with_GT\benign\benign (112).png,benign (112),652,612,1.065359477124183,RGB,1,53.88311229399736,37.934749153949745,0,240,1.0,125.0,557a92b3c1687803afc47ddd5cb609cf,c3ccb4263383a6fc,4986,0.01249548899314327,True,0.3366564417177914,0.23039215686274508,0.7774320997870332,0.9722972297229723,0.7478461538461538,1.5384615384615385,0.7521832528043839
benign (113).png,benign,datasets/Breast-Cancer-Ultrasound-Images-Dataset/Dataset_BUSI_with_GT\benign\benign (113).png,benign (113),810,695,1.1654676258992807,RGB,1,78.77738342659205,46.29727944218467,2,255,18.0,168.0,6bfb2e6d94743bc7396039feeda3eb0b,90ac76537b626565,21535,0.038253841371347366,True,0.6185185185185185,0.3122302158273381,0.6877253604156937,0.9708179202630497,0.7229874502601775,2.0082644628099175,0.8625461251856774
benign (114).png,benign,datasets/Breast-Cancer-Ultrasound-Images-Dataset/Dataset_BUSI_with_GT\benign\benign (114).png,benign (114),757,575,1.3165217391304347,RGB,1,100.5756131181437,40.31877139669207,0,255,32.0,163.0,ac0fec8581dea2818d858a48b887273d,80a22ecc219afbfd,21951,0.05043018781230257,True,0.4081902245706737,0.28608695652173916,0.7090169969312272,0.9561660750115759,0.6719921899212794,1.5136986301369864,0.8479867758388261
benign (115).png,benign,datasets/Breast-Cancer-Ultrasound-Images-Dataset/Dataset_BUSI_with_GT\benign\benign (115).png,benign (115),554,469,1.1812366737739872,RGB,1,110.23764750255941,43.5662600700857,0,255,44.0,189.0,108123991b2037f1d0c55423ef1eeee6,94e43359daa4d89b,4295,0.01653029335016511,True,0.5893501805054152,0.4189765458422175,0.7672109883596184,0.9807489141918065,0.7893990929705216,1.8148148148148149,0.8403080732482628
benign (116).png,benign,datasets/Breast-Cancer-Ultrasound-Images-Dataset/Dataset_BUSI_with_GT\benign\benign (116).png,benign (116),766,588,1.3027210884353742,RGB,1,97.14843652865846,42.95397689448904,0,255,28.0,168.0,02060263d3d44263e308cd0aea5ea10c,80a02ec96a9afbbd,5501,0.012213370988081916,True,0.1912532637075718,0.14540816326530612,0.7757640422614668,0.9754701553556827,0.7673670668953688,1.606060606060606,0.7862262197025377
benign (117).png,benign,datasets/Breast-Cancer-Ultrasound-Images-Dataset/Dataset_BUSI_with_GT\benign\benign (117).png,benign (117),806,688,1.1715116279069768,RGB,1,82.36780469155751,45.27383205111141,2,255,17.0,162.0,2c3b66335b832c4048334d02397ebceb,8eaa621d357d6a4a,13557,0.02444781868544059,True,0.8182382133995038,0.27252906976744184,0.8068683352034929,0.9837622887440628,0.71484375,1.140625,0.7484485186557341
benign (118).png,benign,datasets/Breast-Cancer-Ultrasound-Images-Dataset/Dataset_BUSI_with_GT\benign\benign (118).png,benign (118),653,620,1.053225806451613,RGB,1,71.8906683791928,32.333516548777354,0,244,26.0,132.0,0476546606d29ef5ec848e8e10a136a2,f9a393c0066e4fd1,6834,0.016879909104381762,True,0.41730474732006123,0.2161290322580645,0.8377202647251177,0.9846889952153111,0.8425925925925926,1.2098765432098766,0.5505777751323717
benign (119).png,benign,datasets/Breast-Cancer-Ultrasound-Images-Dataset/Dataset_BUSI_with_GT\benign\benign (119).png,benign (119),762,585,1.3025641025641026,RGB,1,93.76740247212688,44.434483273449416,0,255,25.0,169.0,50b06eb392f7345466a7c109c81c72a3,88a027c3689afbbd,5148,0.011548556430446194,True,0.28805774278215224,0.43504273504273505,0.7329676746210553,0.9832385806704568,0.786128526645768,1.896551724137931,0.8462193676388706
benign (12).png,benign,datasets/Breast-Cancer-Ultrasound-Images-Dataset/Dataset_BUSI_with_GT\benign\benign (12).png,benign (12),678,571,1.1873905429071805,RGB,1,87.84399361468003,40.11397540295028,0,241,37.0,169.0,72dc7812c39ccf5b5d6a48ff7a5247ba,a5d25a3d62c494be,2890,0.007465038306753664,True,0.5626843657817109,0.34938704028021017,0.7773486313988416,0.9798245614035088,0.8136655011655012,1.7727272727272727,0.8093446521472053
benign (120).png,benign,datasets/Breast-Cancer-Ultrasound-Images-Dataset/Dataset_BUSI_with_GT\benign\benign (120).png,benign (120),808,695,1.162589928057554,RGB,1,57.246155352945365,44.71924811895442,0,255,10.0,143.0,ae3214e1c8715e6337988ec3683adacd,eaaa1f3770701c0f,1930,0.003436854476814588,True,0.1219059405940594,0.2669064748201439,0.837503023113737,0.9804388051810732,0.7884778911564626,1.3333333333333333,0.5875892509827373
benign (121).png,benign,datasets/Breast-Cancer-Ultrasound-Images-Dataset/Dataset_BUSI_with_GT\benign\benign (121).png,benign (121),646,610,1.0590163934426229,RGB,1,59.48698929097092,36.31880981724728,0,249,16.0,132.0,6e965c277562c4af0d30fcc482422f70,a5a5c69a9b18d8d9,17725,0.04498045982845252,True,0.5325077399380805,0.17459016393442622,0.8126045405061658,0.9899261439203146,0.8100166712975827,1.4508196721311475,0.7442195039030932
benign (122).png,benign,datasets/Breast-Cancer-Ultrasound-Images-Dataset/Dataset_BUSI_with_GT\benign\benign (122).png,benign (122),774,577,1.341421143847487,RGB,1,87.36271994052817,44.284842858104035,0,255,21.0,161.0,e4b22204257beb368dfd6abbd6d96ee1,88a0a7c36092dfbf,14179,0.03174891065342881,True,0.29198966408268734,0.3717504332755633,0.8062476417428446,0.9775469520512013,0.7215023231801755,1.146153846153846,0.6450849661878358
benign (123).png,benign,datasets/Breast-Cancer-Ultrasound-Images-Dataset/Dataset_BUSI_with_GT\benign\benign (123).png,benign (123),648,610,1.062295081967213,RGB,1,65.75644100384538,37.22550584982234,0,242,19.0,138.0,bfa148b2cd0ece57f7fcbf622ff1754f,e79d9411236b6d64,22304,0.05642582473183566,True,0.6203703703703703,0.29918032786885246,0.7867421602613234,0.9832099536211202,0.733547378227309,1.625,0.7898936065175348
benign (124).png,benign,datasets/Breast-Cancer-Ultrasound-Images-Dataset/Dataset_BUSI_with_GT\benign\benign (124).png,benign (124),645,614,1.0504885993485342,RGB,1,80.26414918061764,34.01903408275147,0,218,38.0,147.0,bb4c04a9a103ff187ac637f60d396287,c2e1170e3d45c33f,7566,0.019104613286872206,True,0.4542635658914729,0.3737785016286645,0.647788167266375,0.9847445206848311,0.8221357063403782,2.6724137931034484,0.9296877728435946
benign (125).png,benign,datasets/Breast-Cancer-Ultrasound-Images-Dataset/Dataset_BUSI_with_GT\benign\benign (125).png,benign (125),756,578,1.3079584775086506,RGB,1,81.24226259131103,53.31643714672128,0,247,10.0,173.0,34fa57deca11cfee61adf03b3490892a,c3b8bcc668f1788c,4905,0.011225078266600758,True,0.3498677248677249,0.3468858131487889,0.723909298028091,0.9738049128529201,0.6656911928651059,1.1794871794871795,0.8730680555759883
benign (126).png,benign,datasets/Breast-Cancer-Ultrasound-Images-Dataset/Dataset_BUSI_with_GT\benign\benign (126).png,benign (126),771,570,1.3526315789473684,RGB,1,89.55458848158008,55.872568488773446,0,251,11.0,181.0,2845882eba1c7ea4f39612cc7008608a,c2b93dce6ab1710c,5662,0.012883700821444011,True,0.38261997405966275,0.33157894736842103,0.7412265639975464,0.9812694185530404,0.6792429642374339,1.3037974683544304,0.8648120264406366
benign (127).png,benign,datasets/Breast-Cancer-Ultrasound-Images-Dataset/Dataset_BUSI_with_GT\benign\benign (127).png,benign (127),558,476,1.1722689075630253,RGB,1,39.512687870847266,47.559422883545864,0,255,1.0,148.0,4509b0b11b852b50bfb94d4596789e5e,eea8b19786869393,4330,0.016302219812656244,True,0.39336917562724016,0.22163865546218486,0.8343328183143545,0.9757141205042211,0.7500889046941679,0.9736842105263158,0.3529574757563138
benign (128).png,benign,datasets/Breast-Cancer-Ultrasound-Images-Dataset/Dataset_BUSI_with_GT\benign\benign (128).png,benign (128),549,475,1.1557894736842105,RGB,1,64.33810756399194,56.32790507943501,0,255,1.0,170.0,2b4cd8641739401ccaef2a58f22f2eb4,a0a8f95fce8ec2c2,3891,0.014920908829450677,True,0.3788706739526412,0.17684210526315788,0.8573700007211346,0.9764053635894792,0.7741770599059496,0.9178082191780822,0.47323821566877583
benign (129).png,benign,datasets/Breast-Cancer-Ultrasound-Images-Dataset/Dataset_BUSI_with_GT\benign\benign (129).png,benign (129),775,587,1.3202725724020443,RGB,1,103.498398637138,63.9277486202357,0,255,13.0,200.0,a968025550958a8fb3cec0702cf0a3c3,b3984c47e7b038ba,6490,0.014266087816673078,True,0.32903225806451614,0.32793867120954,0.6577065372904596,0.9715447154471545,0.722342609489051,2.140625,0.8774446432782232
benign (13).png,benign,datasets/Breast-Cancer-Ultrasound-Images-Dataset/Dataset_BUSI_with_GT\benign\benign (13).png,benign (13),678,571,1.1873905429071805,RGB,1,67.4952368406098,46.795466860877866,0,243,0.0,156.0,27c89910d1275404d33b932e1f880b32,87f0c88b4f753c92,52450,0.1354814045637473,True,0.5294985250737463,0.35989492119089317,0.7413971781351334,0.9900588856438893,0.7403186797552995,1.792929292929293,0.8468059814261307
benign (130).png,benign,datasets/Breast-Cancer-Ultrasound-Images-Dataset/Dataset_BUSI_with_GT\benign\benign (130).png,benign (130),558,474,1.1772151898734178,RGB,1,81.18749149312644,55.73854834475372,0,255,2.0,181.0,d4292daa8face9cf60bac17aa48a868b,a09e5fc2e1e14a9d,14986,0.056659558701208354,True,0.239247311827957,0.24156118143459915,0.751048738457737,0.9811627906976744,0.7489602353418543,1.7547169811320755,0.8172273760924669
benign (131).png,benign,datasets/Breast-Cancer-Ultrasound-Images-Dataset/Dataset_BUSI_with_GT\benign\benign (131).png,benign (131),587,435,1.349425287356322,RGB,1,79.11957156004621,55.32380240739589,0,254,14.0,181.0,3acc02d377fbd431214eec899c999a52,91bdfc4b66c66121,67475,0.2642503279876246,True,0.29471890971039183,0.4114942528735632,0.8304048188235987,0.9880446079117866,0.799996419235865,1.2298850574712643,0.6550726188579674
benign (132).png,benign,datasets/Breast-Cancer-Ultrasound-Images-Dataset/Dataset_BUSI_with_GT\benign\benign (132).png,benign (132),552,483,1.1428571428571428,RGB,1,59.227668256968826,56.23063895792893,0,255,1.0,170.0,a15c46bf7e0cf371d0d3b0f9780f7004,d1a4acc793939b83,6449,0.024188345785699283,True,0.6240942028985508,0.2225672877846791,0.807934310373981,0.973540075599784,0.7584134615384616,1.3,0.6754515997194711
benign (133).png,benign,datasets/Breast-Cancer-Ultrasound-Images-Dataset/Dataset_BUSI_with_GT\benign\benign (133).png,benign (133),369,342,1.0789473684210527,RGB,1,82.7584034612276,66.45357739539098,0,255,1.0,196.0,509ef4c809d978e2339fa18cb4e9c24a,94f67849c1672e8e,1202,0.009524715130192237,True,0.556910569105691,0.3333333333333333,0.7621219459499019,0.971002132196162,0.7851724137931034,1.7241379310344827,0.8385905543834808
benign (134).png,benign,datasets/Breast-Cancer-Ultrasound-Images-Dataset/Dataset_BUSI_with_GT\benign\benign (134).png,benign (134),378,345,1.0956521739130434,RGB,1,77.5490989954758,61.57452352299034,0,255,1.0,186.0,c721e931c55361c124260a5d89450402,c68da1693b9ac6b2,1257,0.009638831377961813,True,0.66005291005291,0.2072463768115942,0.6646367624655212,0.9830298013245033,0.7874668435013262,2.230769230769231,0.8518754779621158
benign (135).png,benign,datasets/Breast-Cancer-Ultrasound-Images-Dataset/Dataset_BUSI_with_GT\benign\benign (135).png,benign (135),776,582,1.3333333333333333,RGB,1,83.47392345980799,61.989904478082956,0,255,3.0,190.0,d2e467317ec616a36899a0b1303c09fe,e7b87843878786c6,11136,0.024657243065150387,True,0.34664948453608246,0.19243986254295534,0.8559577414540693,0.9882771991523513,0.7847833870390262,1.2666666666666666,0.668201412805963
benign (136).png,benign,datasets/Breast-Cancer-Ultrasound-Images-Dataset/Dataset_BUSI_with_GT\benign\benign (136).png,benign (136),886,581,1.5249569707401032,RGB,1,97.52942696293073,55.29860161876244,0,255,6.0,189.0,6d0d9a79172bfcd79a54fdf7d1ca9561,e59c6283d23cbcc3,16264,0.03159493828263716,True,0.2945823927765237,0.3623063683304647,0.7733691950499594,0.9868902908139714,0.8112983201781016,1.6944444444444444,0.8309164094190944
benign (137).png,benign,datasets/Breast-Cancer-Ultrasound-Images-Dataset/Dataset_BUSI_with_GT\benign\benign (137).png,benign (137),777,578,1.3442906574394464,RGB,1,95.26035501641039,66.0994592059663,0,255,3.0,207.0,df62ae4196b75cfa245cc88eee53582f,a5df7830021fcdc5,5551,0.012360110976027931,True,0.22844272844272845,0.393598615916955,0.7342675003951409,0.9734004313443566,0.7037422037422038,1.4054054054054055,0.8255602914576281
benign (138).png,benign,datasets/Breast-Cancer-Ultrasound-Images-Dataset/Dataset_BUSI_with_GT\benign\benign (138).png,benign (138),766,600,1.2766666666666666,RGB,1,71.89360748476936,66.66120167361251,0,255,1.0,192.0,6bfaa1dc59698b8dba13172bd8010fda,a884f477aa2b1d8b,2052,0.004464751958224543,True,0.585509138381201,0.16083333333333333,0.7304161533213739,0.9701676528599605,0.7807539682539683,1.9444444444444444,0.8716425510244679
benign (139).png,benign,datasets/Breast-Cancer-Ultrasound-Images-Dataset/Dataset_BUSI_with_GT\benign\benign (139).png,benign (139),563,468,1.202991452991453,RGB,1,82.90751241062075,49.14337867135015,0,255,12.0,172.0,75551edc06bf0234529576617586dc89,d6e0298df2929ae9,10374,0.03937240970988751,True,0.6678507992895204,0.20726495726495728,0.767044222705208,0.9814636494944632,0.7558398220244716,1.5591397849462365,0.801120279218366
benign (14).png,benign,datasets/Breast-Cancer-Ultrasound-Images-Dataset/Dataset_BUSI_with_GT\benign\benign (14).png,benign (14),699,531,1.3163841807909604,RGB,1,74.23784583303024,36.12151014495162,0,251,22.0,141.0,b45abfb0db9c2862c4f3e006fac9ebfa,cd3112164ddceae3,4380,0.011800554464408397,True,0.8097281831187411,0.3305084745762712,0.6661199038836497,0.9772492244053774,0.7094594594594594,2.0555555555555554,0.9102095453644328
benign (140).png,benign,datasets/Breast-Cancer-Ultrasound-Images-Dataset/Dataset_BUSI_with_GT\benign\benign (140).png,benign (140),452,591,0.7648054145516074,RGB,1,91.79549810580536,67.45791347159083,0,255,12.0,211.0,823800b3f88f58645b37982bae9c9811,d5f4d59574051764,51903,0.19429720138358564,True,0.5398230088495575,0.4746192893401015,0.8113329434896338,0.9924651198643336,0.8048791923233207,1.397196261682243,0.771288036893842
benign (141).png,benign,datasets/Breast-Cancer-Ultrasound-Images-Dataset/Dataset_BUSI_with_GT\benign\benign (141).png,benign (141),567,471,1.2038216560509554,RGB,1,75.07818930041152,51.98710733097455,0,255,14.0,178.0,b84a967c6eff04546986a28df80fd54c,999ea6c990d3c1b9,136993,0.512972885938208,True,0.5370370370370371,0.440552016985138,0.7889706042394701,0.9913658969288041,0.7549249219320975,1.5086705202312138,0.7960888788690107
benign (142).png,benign,datasets/Breast-Cancer-Ultrasound-Images-Dataset/Dataset_BUSI_with_GT\benign\benign (142).png,benign (142),785,582,1.3487972508591066,RGB,1,102.54812528728084,54.32025274130528,0,255,21.0,192.0,6fe6a899a5bbdd6595c91b810ae56acb,e4a31b5e8ce4c399,4471,0.00978615361043623,True,0.4191082802547771,0.26890034364261167,0.8505914863426518,0.9864130434782609,0.8148148148148148,1.2272727272727273,0.4477732423561555
benign (143).png,benign,datasets/Breast-Cancer-Ultrasound-Images-Dataset/Dataset_BUSI_with_GT\benign\benign (143).png,benign (143),554,467,1.1862955032119915,RGB,1,118.95931864037291,55.86893543326456,0,255,34.0,224.0,36eec05bcc7bad0ba1eda189e4bddfab,81f43e703c8c87e7,1392,0.0053803755440286335,True,0.5216606498194946,0.3019271948608137,0.7067801178245888,0.9674112046869279,0.7475947934352009,1.8387096774193548,0.8601332519041701
benign (144).png,benign,datasets/Breast-Cancer-Ultrasound-Images-Dataset/Dataset_BUSI_with_GT\benign\benign (144).png,benign (144),770,580,1.3275862068965518,RGB,1,84.48454321540528,47.051722721547804,0,243,25.0,174.0,22aef137d6ad3c4f88c5f22edd316299,90ecef3723c0ccd2,1256,0.002812360053739364,True,0.274025974025974,0.20172413793103447,0.8080115614251487,0.9794661190965093,0.8184625943719973,1.5161290322580645,0.7842569826167046
benign (145).png,benign,datasets/Breast-Cancer-Ultrasound-Images-Dataset/Dataset_BUSI_with_GT\benign\benign (145).png,benign (145),779,574,1.3571428571428572,RGB,1,106.57313047639921,58.47993199407805,0,255,19.0,196.0,d04830a310cf15daa2d9ee349eb364ff,c1ad3e50058bbbec,8622,0.019282292584524966,True,0.6405648267008985,0.5348432055749129,0.8171054191529185,0.9875094846203234,0.8225085075352455,1.423529411764706,0.7550426182832481
benign (146).png,benign,datasets/Breast-Cancer-Ultrasound-Images-Dataset/Dataset_BUSI_with_GT\benign\benign (146).png,benign (146),449,594,0.7558922558922558,RGB,1,70.56130720718694,61.8231537949258,0,254,1.0,175.0,4f3d7188e937c5371893b5e4b5fb3588,e18bba2e4a630d6d,1503,0.00563541877573058,True,0.3530066815144766,0.2222222222222222,0.8547872777349128,0.9778986739204353,0.7624602332979852,1.1219512195121952,0.613168835600966
benign (147).png,benign,datasets/Breast-Cancer-Ultrasound-Images-Dataset/Dataset_BUSI_with_GT\benign\benign (147).png,benign (147),564,463,1.2181425485961124,RGB,1,93.4581284561065,55.74369052776773,0,255,20.0,194.0,be45ce97a09b3fb67620c5e2877207c5,9fe428006af6b79c,3721,0.0142494983380053,True,0.2322695035460993,0.2991360691144708,0.8021615814322752,0.9848732624693377,0.7380514705882353,1.0588235294117647,0.7351346384216205
benign (148).png,benign,datasets/Breast-Cancer-Ultrasound-Images-Dataset/Dataset_BUSI_with_GT\benign\benign (148).png,benign (148),567,463,1.224622030237581,RGB,1,67.9289618735263,51.23597874909289,0,255,9.0,168.0,a83912dca9ad4e9e2b4e4af0161cdf39,eeb1318e8ece3071,11290,0.043006083322857984,True,0.4021164021164021,0.2570194384449244,0.8572355776744824,0.986328125,0.8077062886223192,1.2476190476190476,0.5620912473592125
benign (149).png,benign,datasets/Breast-Cancer-Ultrasound-Images-Dataset/Dataset_BUSI_with_GT\benign\benign (149).png,benign (149),557,468,1.1901709401709402,RGB,1,73.26592781844128,50.658625520094276,0,255,15.0,167.0,12619f7e87cdde0f682db26ba9bea9bb,86f8e1871fb238d4,9048,0.034709754637941355,True,0.3518850987432675,0.36217948717948717,0.6758948697646695,0.9692332914366906,0.7060509554140127,1.9625,0.8753138617863887
benign (15).png,benign,datasets/Breast-Cancer-Ultrasound-Images-Dataset/Dataset_BUSI_with_GT\benign\benign (15).png,benign (15),701,526,1.332699619771863,RGB,1,70.79220342476528,35.057117274884654,0,253,27.0,137.0,ac0c892066342baa91ab2ae2b3023dd5,8ef1760e03c4f1b9,3067,0.008317829499411487,True,0.37089871611982883,0.30133079847908745,0.7887597223772013,0.9760223353588439,0.7153346172363987,1.0806451612903225,0.5322674629143387
benign (150).png,benign,datasets/Breast-Cancer-Ultrasound-Images-Dataset/Dataset_BUSI_with_GT\benign\benign (150).png,benign (150),671,570,1.1771929824561405,RGB,1,65.77077940753523,38.204528897309764,0,255,15.0,143.0,71ca464fed65a888cbadb9770ac82cc3,9cf55042338cedda,1825,0.004771616074463357,True,0.6631892697466468,0.3912280701754386,0.7900844114487295,0.9790151091214325,0.7869995501574449,1.4615384615384615,0.742243113824388
benign (151).png,benign,datasets/Breast-Cancer-Ultrasound-Images-Dataset/Dataset_BUSI_with_GT\benign\benign (151).png,benign (151),560,469,1.1940298507462686,RGB,1,122.22674002436796,60.37554060342386,0,255,33.0,227.0,52b19e9526173b333a20fa57d71b18ae,85c87a329ee5a5c9,2318,0.008825769113615595,True,0.65625,0.3315565031982942,0.8067034576449542,0.9749236807675534,0.7277018229166666,1.3333333333333333,0.7244403192522617
benign (152).png,benign,datasets/Breast-Cancer-Ultrasound-Images-Dataset/Dataset_BUSI_with_GT\benign\benign (152).png,benign (152),555,471,1.178343949044586,RGB,1,103.61671735429697,71.28482119397398,0,255,7.0,227.0,787cd3031242cfee3f9e14ecdca6c0b3,97ecb294cd5b12a8,61557,0.23548516669535777,True,0.5756756756756757,0.3333333333333333,0.8163141206605523,0.990211239666745,0.6931691944954544,1.2950191570881227,0.6559953959485503
benign (153).png,benign,datasets/Breast-Cancer-Ultrasound-Images-Dataset/Dataset_BUSI_with_GT\benign\benign (153).png,benign (153),772,574,1.3449477351916377,RGB,1,137.52951968731384,51.66084649727798,0,255,55.0,223.0,da9d4c386c5669d25e52dd52acf4dc08,cca624da5b1a4bcd,2802,0.006323229405499088,True,0.5582901554404145,0.23170731707317074,0.8207562434009801,0.9753330932661145,0.8073025335320417,1.1090909090909091,0.5117901275642893
benign (154).png,benign,datasets/Breast-Cancer-Ultrasound-Images-Dataset/Dataset_BUSI_with_GT\benign\benign (154).png,benign (154),556,464,1.1982758620689655,RGB,1,116.45143884892086,49.24137688791895,0,255,37.0,203.0,41d6a6839a806bca45bbaf9261926912,85ff7ab119818726,2060,0.007984991317290994,True,0.5431654676258992,0.30495689655172414,0.7878247404914275,0.9713235294117647,0.7148268398268398,1.4318181818181819,0.7768959662587437
benign (155).png,benign,datasets/Breast-Cancer-Ultrasound-Images-Dataset/Dataset_BUSI_with_GT\benign\benign (155).png,benign (155),783,583,1.3430531732418525,RGB,1,93.74485913132628,63.228709347838596,0,255,6.0,196.0,a40ae705dd85a7dacab8462e477e66bb,c0bbe74e3be1cc80,60771,0.1331269756773986,True,0.29118773946360155,0.5274442538593482,0.806450121756857,0.9916130675143958,0.705611409866729,1.2653846153846153,0.745054032752702
benign (156).png,benign,datasets/Breast-Cancer-Ultrasound-Images-Dataset/Dataset_BUSI_with_GT\benign\benign (156).png,benign (156),887,581,1.5266781411359724,RGB,1,99.14981556116558,56.83293579201914,0,255,14.0,192.0,55312eeda1d002ed0989808cf5b17a18,d4e63b992976c6a0,9573,0.018575833370525104,True,0.5445321307779031,0.3476764199655766,0.8172571296406423,0.9870395634379263,0.7657954730499918,1.550561797752809,0.758988259052281
benign (157).png,benign,datasets/Breast-Cancer-Ultrasound-Images-Dataset/Dataset_BUSI_with_GT\benign\benign (157).png,benign (157),567,465,1.2193548387096773,RGB,1,82.44951167245074,48.96259969752505,0,255,11.0,172.0,ab0e3034452fafaa0f7ebfba0d7fc328,d6e0298df2929ae9,11014,0.04177428836927045,True,0.6604938271604939,0.2032258064516129,0.7785817359439294,0.9814638567867664,0.7567794240984065,1.489795918367347,0.8054657474292607
benign (158).png,benign,datasets/Breast-Cancer-Ultrasound-Images-Dataset/Dataset_BUSI_with_GT\benign\benign (158).png,benign (158),556,464,1.1982758620689655,RGB,1,55.06172088191516,48.88207481791974,0,255,10.0,159.0,d0cc5ef9cc248cb8e724890e2ee788f1,c9af369d87c1a0b2,36491,0.14144675638799306,True,0.4289568345323741,0.22844827586206898,0.7006806685285676,0.9834209021860453,0.8036484983314794,2.1379310344827585,0.8884209508332593
benign (159).png,benign,datasets/Breast-Cancer-Ultrasound-Images-Dataset/Dataset_BUSI_with_GT\benign\benign (159).png,benign (159),696,574,1.2125435540069687,RGB,1,110.71101415755537,45.07701165887193,0,255,37.0,189.0,fb579e591513515ef896053abd212ebe,a9ff36a0448b6a9a,3370,0.008435459970363251,True,0.8318965517241379,0.3153310104529617,0.821293713652791,0.9787488775815624,0.7806158987825257,1.2033898305084745,0.5859441759403085
benign (16).png,benign,datasets/Breast-Cancer-Ultrasound-Images-Dataset/Dataset_BUSI_with_GT\benign\benign (16).png,benign (16),558,462,1.2077922077922079,RGB,1,121.72148908439232,60.22157660169491,0,255,33.0,227.0,70efb94a91bed136cccfb9791de4efd0,85c87a329ae5a5cd,2309,0.008956694440565408,True,0.6397849462365591,0.3246753246753247,0.8465220748977702,0.9891086908201823,0.8380414312617702,1.3111111111111111,0.6020333494642099
benign (160).png,benign,datasets/Breast-Cancer-Ultrasound-Images-Dataset/Dataset_BUSI_with_GT\benign\benign (160).png,benign (160),624,585,1.0666666666666667,RGB,1,121.31410256410257,58.281400217653186,0,255,33.0,213.0,4b9563325587b5f6ebb3a3fe8f3fd866,f98c0e67437a12bc,3629,0.009941376287530133,True,0.2748397435897436,0.3,0.8675704157067159,0.9840959821428571,0.8164351851851852,1.2,0.5082287569514157
benign (161).png,benign,datasets/Breast-Cancer-Ultrasound-Images-Dataset/Dataset_BUSI_with_GT\benign\benign (161).png,benign (161),568,463,1.2267818574514038,RGB,1,68.94452894472667,45.6782397301231,0,255,12.0,156.0,c4422bb5893db85e77c0488f684deeba,8581fbb5d0f4b0aa,3109,0.011822011985520032,True,0.7579225352112676,0.23650107991360692,0.8312566624778949,0.9817559863169898,0.7640720081135902,1.1724137931034482,0.6663743380365303
benign (162).png,benign,datasets/Breast-Cancer-Ultrasound-Images-Dataset/Dataset_BUSI_with_GT\benign\benign (162).png,benign (162),549,470,1.1680851063829787,RGB,1,106.08173080649537,54.50823374801307,0,255,25.0,201.0,8c5e7d3c5dbabafc72efa7c72a93056f,c986365a39dd8ae2,1248,0.004836646901523078,True,0.17395264116575593,0.3659574468085106,0.8296816038184163,0.9777594728171335,0.7819499341238472,1.393939393939394,0.6484429363803523
benign (163).png,benign,datasets/Breast-Cancer-Ultrasound-Images-Dataset/Dataset_BUSI_with_GT\benign\benign (163).png,benign (163),779,576,1.3524305555555556,RGB,2,95.18466962630153,59.26715823530901,0,255,11.0,193.0,c629fc4db6f32245ac70cf71aa96ac4b,9bee74408969799c,4564,0.010171516188846099,True,0.5141206675224647,0.3402777777777778,0.5896122769258031,0.9510562643798368,0.7208306911857958,2.1842105263157894,0.9156174123424173
benign (164).png,benign,datasets/Breast-Cancer-Ultrasound-Images-Dataset/Dataset_BUSI_with_GT\benign\benign (164).png,benign (164),560,470,1.1914893617021276,RGB,1,72.72534574468085,49.77529494410413,0,255,9.0,162.0,98e6d6e9961757a61a2237ebdcf6fe91,97adf2f0c8c890b9,41483,0.15761018237082067,True,0.3392857142857143,0.20212765957446807,0.6072864172789263,0.9765774549086282,0.7234318025683031,2.557046979865772,0.9175879371864551
benign (165).png,benign,datasets/Breast-Cancer-Ultrasound-Images-Dataset/Dataset_BUSI_with_GT\benign\benign (165).png,benign (165),558,464,1.2025862068965518,RGB,1,83.9873818131257,56.31139338286973,0,255,20.0,191.0,71f65f14971a00ae1b19146a4b3a596d,a4bb9b5265c0cacb,1624,0.0062724014336917565,True,0.8315412186379928,0.30711206896551724,0.7596943154437713,0.9810366624525917,0.7698412698412699,1.96875,0.8571078819929793
benign (166).png,benign,datasets/Breast-Cancer-Ultrasound-Images-Dataset/Dataset_BUSI_with_GT\benign\benign (166).png,benign (166),555,471,1.178343949044586,RGB,1,83.30981427287159,43.97481765065504,0,255,24.0,163.0,2a7f27ae8f1165a6a4dd8e249ba04d1d,988589fbb2f08dc9,2895,0.011074769036552476,True,0.6594594594594595,0.28343949044585987,0.8249964678434815,0.977332170880558,0.7745992260917635,1.2407407407407407,0.5798352144986899
benign (167).png,benign,datasets/Breast-Cancer-Ultrasound-Images-Dataset/Dataset_BUSI_with_GT\benign\benign (167).png,benign (167),566,463,1.2224622030237582,RGB,1,123.38127819032428,46.1968656657955,0,255,47.0,205.0,eb0f9f2a7e6c62bb67243d3795a33453,e19a1ee919d7a688,2564,0.00978409359760053,True,0.5167844522968198,0.3509719222462203,0.8074193122396645,0.9774792572105887,0.8148880105401844,1.434782608695652,0.7063045691667718
benign (168).png,benign,datasets/Breast-Cancer-Ultrasound-Images-Dataset/Dataset_BUSI_with_GT\benign\benign (168).png,benign (168),557,471,1.1825902335456475,RGB,1,94.67297891723557,47.21438780863779,0,255,23.0,173.0,4db94901b34535589da9187f4d187262,85f34b8c32f38d8c,12394,0.047242773883444444,True,0.46768402154398564,0.4256900212314225,0.7780910662682528,0.9846625766871165,0.7654367469879518,1.7291666666666667,0.8047917194276887
benign (169).png,benign,datasets/Breast-Cancer-Ultrasound-Images-Dataset/Dataset_BUSI_with_GT\benign\benign (169).png,benign (169),561,469,1.1961620469083156,RGB,1,83.29470675651537,53.31652065064,0,255,16.0,185.0,f3e06b4f6d19db4726a97eabc0744767,9d9f6670f283c885,1396,0.005305785815004428,True,0.20320855614973263,0.4968017057569296,0.7442718939362774,0.9711151736745887,0.7515563101301641,1.8387096774193548,0.8605712448920041
benign (17).png,benign,datasets/Breast-Cancer-Ultrasound-Images-Dataset/Dataset_BUSI_with_GT\benign\benign (17).png,benign (17),558,463,1.205183585313175,RGB,1,122.40197558388877,62.37081402595356,0,255,24.0,226.0,186a30e7d82f72ad9e551c0d1d86dacb,95e06b9f52160ced,5079,0.019659072435495483,True,0.6550179211469535,0.28509719222462204,0.7574622570195941,0.981648645967662,0.8063885267275098,1.7627118644067796,0.8076266061674303
benign (170).png,benign,datasets/Breast-Cancer-Ultrasound-Images-Dataset/Dataset_BUSI_with_GT\benign\benign (170).png,benign (170),564,468,1.205128205128205,RGB,1,72.95369612656847,48.725088371478925,0,255,10.0,162.0,3c7c36b43928231cfe80866c7fd090b5,a6ecd192c0eceb94,12570,0.047622294962720496,True,0.650709219858156,0.4166666666666667,0.7231875333272021,0.9831782390837509,0.7759399912121022,2.0112359550561796,0.8739678233018454
benign (171).png,benign,datasets/Breast-Cancer-Ultrasound-Images-Dataset/Dataset_BUSI_with_GT\benign\benign (171).png,benign (171),566,463,1.2224622030237582,RGB,1,98.78131940257501,51.85446551937208,0,255,22.0,190.0,27fd130630be8a1a02324bf3c4b38f6c,e88b3274d793e988,1369,0.0052240343740698626,True,0.7190812720848057,0.2991360691144708,0.7558602680926099,0.9756554307116105,0.7616959064327485,1.9,0.8576109264757691
benign (172).png,benign,datasets/Breast-Cancer-Ultrasound-Images-Dataset/Dataset_BUSI_with_GT\benign\benign (172).png,benign (172),619,589,1.0509337860780985,RGB,1,100.74423394982323,52.60899672497852,0,255,22.0,194.0,a2c6bc327ab3a2919ae08d61b978fdd5,8dfc70c243c3d9b8,8769,0.02405160851474666,True,0.2754442649434572,0.2903225806451613,0.8334487552562475,0.9878888761336242,0.8194153494572463,1.3258426966292134,0.7401947144549388
benign (173).png,benign,datasets/Breast-Cancer-Ultrasound-Images-Dataset/Dataset_BUSI_with_GT\benign\benign (173).png,benign (173),726,573,1.2670157068062826,RGB,2,63.75858297395661,50.67939239746989,0,255,0.0,159.0,9f45ea48504b6d78d95942164ecae490,90af6fe6d29290b8,42335,0.10176731618902014,True,0.46005509641873277,0.1518324607329843,0.6694126312420754,0.9784037282603901,0.7470869535933186,2.061224489795918,0.8983843163250395
benign (174).png,benign,datasets/Breast-Cancer-Ultrasound-Images-Dataset/Dataset_BUSI_with_GT\benign\benign (174).png,benign (174),556,490,1.1346938775510205,RGB,1,64.36268536191454,62.59153922090037,0,255,1.0,181.0,23b294c47df796a3d848a3ea48c97016,c3b3bccdc171306c,25662,0.09419321685508736,True,0.4001798561151079,0.3112244897959184,0.7870965548045797,0.9878001323111647,0.7559112567004169,1.5753424657534247,0.7792096073692848
benign (175).png,benign,datasets/Breast-Cancer-Ultrasound-Images-Dataset/Dataset_BUSI_with_GT\benign\benign (175).png,benign (175),765,573,1.3350785340314135,RGB,1,117.4908850334782,50.78613626567357,0,255,33.0,197.0,6785f02cd26e8079ba22891ace8cb7dc,a3f94c86733998c6,22507,0.05134540145319326,True,0.3934640522875817,0.3944153577661431,0.8327346440015954,0.9905202723752726,0.7505986307375805,1.3355704697986577,0.7171063381270865
benign (176).png,benign,datasets/Breast-Cancer-Ultrasound-Images-Dataset/Dataset_BUSI_with_GT\benign\benign (176).png,benign (176),715,487,1.4681724845995894,RGB,1,125.18418173202568,53.26173407890402,8,255,42.0,216.0,2ab082206fedad94271ea31a3770c4bb,94ab1bcc9cc0c797,4951,0.014218635573871714,True,0.4153846153846154,0.2813141683778234,0.7122034595800005,0.9825652528548124,0.7615773668405247,1.9473684210526316,0.8896612185902953
benign (177).png,benign,datasets/Breast-Cancer-Ultrasound-Images-Dataset/Dataset_BUSI_with_GT\benign\benign (177).png,benign (177),562,470,1.195744680851064,RGB,1,76.79336336791096,50.927956639692994,0,255,13.0,172.0,f8e9e03cc6e036d03f64c2630cae001e,d8dfa7e2e0809e8c,2830,0.01071401529491936,True,0.1903914590747331,0.2648936170212766,0.7947969082574419,0.982059562253319,0.7727272727272727,1.673913043478261,0.7742702614931719
benign (178).png,benign,datasets/Breast-Cancer-Ultrasound-Images-Dataset/Dataset_BUSI_with_GT\benign\benign (178).png,benign (178),772,576,1.3402777777777777,RGB,1,103.31740473877375,57.934091492953684,0,255,17.0,200.0,7b2407e411a9968df67280f79d82314b,8ce79d51328cd8f4,32243,0.07250962507196315,True,0.5032383419689119,0.5295138888888888,0.7784003087926508,0.9882678883746846,0.7646826347305389,1.4970059880239521,0.7771615263714273
benign (179).png,benign,datasets/Breast-Cancer-Ultrasound-Images-Dataset/Dataset_BUSI_with_GT\benign\benign (179).png,benign (179),422,468,0.9017094017094017,RGB,1,95.93634301454206,68.82090288038404,0,255,15.0,212.0,39cb79d3598f22af01d776d605c5b976,fbd964445b932307,967,0.004896301697249565,True,0.3459715639810427,0.11538461538461539,0.8209696299729153,0.9702286018075492,0.7955536181342633,1.1935483870967742,0.5363514606258418
benign (18).png,benign,datasets/Breast-Cancer-Ultrasound-Images-Dataset/Dataset_BUSI_with_GT\benign\benign (18).png,benign (18),564,469,1.2025586353944564,RGB,1,103.21951035098066,71.11716746489593,0,255,7.0,227.0,2ce7b94bc0b85d87709c677a761e7dab,97ecb294cd5b12a8,52485,0.19841899922878012,True,0.5709219858156028,0.32196162046908317,0.7632400362281189,0.9462619581906224,0.703329056654737,1.1752988047808766,0.6453091428723429
benign (180).png,benign,datasets/Breast-Cancer-Ultrasound-Images-Dataset/Dataset_BUSI_with_GT\benign\benign (180).png,benign (180),763,600,1.2716666666666667,RGB,1,94.78894932284841,53.52033970066505,0,255,11.0,185.0,f15cc39a9aee04ad73d67583b3e39a22,c7b93ac2e4ac8b92,11539,0.02520532983835736,True,0.6310615989515073,0.405,0.8646671696103843,0.9876929767340726,0.8225409242358395,1.0085470085470085,0.26233082060685314
benign (181).png,benign,datasets/Breast-Cancer-Ultrasound-Images-Dataset/Dataset_BUSI_with_GT\benign\benign (181).png,benign (181),733,455,1.610989010989011,RGB,2,63.77186933121449,46.2404469649066,0,244,6.0,151.0,7bc020e9835d552e410bc40fd5770952,89a6d9db264d7298,26899,0.08065304409097042,True,0.5354706684856753,0.44505494505494503,0.5041562309181559,0.8989791253999695,0.7038706256627784,1.4024390243902438,0.7352746810274485
benign (182).png,benign,datasets/Breast-Cancer-Ultrasound-Images-Dataset/Dataset_BUSI_with_GT\benign\benign (182).png,benign (182),555,463,1.1987041036717063,RGB,1,94.18403673652054,49.145544532384996,0,255,25.0,179.0,648ca1827f3a70df2f0415161346b64a,d2ad2dd49016c6fc,3096,0.012048333430622848,True,0.654054054054054,0.19870410367170627,0.8047431981391504,0.9794184906893172,0.780119698152485,0.9682539682539683,0.7162715896818381
benign (183).png,benign,datasets/Breast-Cancer-Ultrasound-Images-Dataset/Dataset_BUSI_with_GT\benign\benign (183).png,benign (183),916,683,1.3411420204978037,RGB,1,66.9137938199697,37.73922587787766,0,229,26.0,146.0,bbb6837ee1f4d8e11edaf4da8c06d00c,f0d14f0e17b1b1c5,4710,0.007528435428081863,True,0.3962882096069869,0.36749633967789164,0.848054826479787,0.9847786472290706,0.7702045606975184,1.1830985915492958,0.5651831806392728
benign (184).png,benign,datasets/Breast-Cancer-Ultrasound-Images-Dataset/Dataset_BUSI_with_GT\benign\benign (184).png,benign (184),349,487,0.7166324435318275,RGB,1,68.60951501209087,63.692119730438414,0,255,2.0,201.0,46bb599c16873e598214760f09cb474b,95e8ea96970c7878,24349,0.14326059201120245,True,0.5931232091690545,0.2792607802874743,0.6624522421714949,0.9864573714989228,0.8289650653515881,2.532710280373832,0.9185548733898821
benign (185).png,benign,datasets/Breast-Cancer-Ultrasound-Images-Dataset/Dataset_BUSI_with_GT\benign\benign (185).png,benign (185),752,592,1.2702702702702702,RGB,1,105.70415828062104,60.23542427255469,0,255,16.0,206.0,d3d42a9f99798f7fc8cfd08d49e9af1e,ea81077a25b6f8b8,3335,0.007491284502587694,True,0.5212765957446809,0.3842905405405405,0.8218775785235697,0.9797031202665859,0.8076923076923077,1.4807692307692308,0.7907692899129606
benign (186).png,benign,datasets/Breast-Cancer-Ultrasound-Images-Dataset/Dataset_BUSI_with_GT\benign\benign (186).png,benign (186),741,574,1.2909407665505226,RGB,1,128.3997376179661,51.588899156181334,0,255,38.0,206.0,8640dc97c0ec6a315503c2820bbfdf59,faa7181a66e19e86,33341,0.07838780816957967,True,0.548582995951417,0.4721254355400697,0.8603889287488309,0.9881689550988663,0.8029533300923676,1.1764705882352942,0.46678667309171845
benign (187).png,benign,datasets/Breast-Cancer-Ultrasound-Images-Dataset/Dataset_BUSI_with_GT\benign\benign (187).png,benign (187),730,574,1.2717770034843205,RGB,1,113.93250441506372,54.38393506742279,0,255,15.0,198.0,a87861cd25bdaf363d8ce91f2fdf1a96,98e97496638cbab1,6575,0.015691375113359746,True,0.37465753424657533,0.2935540069686411,0.6688360145197604,0.9791031116534472,0.7534037558685446,2.3666666666666667,0.909122104906637
benign (188).png,benign,datasets/Breast-Cancer-Ultrasound-Images-Dataset/Dataset_BUSI_with_GT\benign\benign (188).png,benign (188),655,600,1.0916666666666666,RGB,1,35.31050381679389,45.05284123571221,0,228,1.0,133.0,bdbdf5a5b3cabad50dce39e45b0f501f,805a813e952fd76d,176271,0.44852671755725193,True,0.5511450381679389,0.5666666666666667,0.8113029748575163,0.9935085882452814,0.7876169324988223,1.5354330708661417,0.7490958701340515
benign (189).png,benign,datasets/Breast-Cancer-Ultrasound-Images-Dataset/Dataset_BUSI_with_GT\benign\benign (189).png,benign (189),544,465,1.1698924731182796,RGB,1,81.84644212523719,48.369555714096634,0,255,18.0,171.0,b7007b25a2c50a8fcd5aed510698dc9a,9c9937e4e48d8473,2348,0.009282099936748892,True,0.4255514705882353,0.23440860215053763,0.6696592731649703,0.970708593581736,0.7613175675675675,2.1621621621621623,0.8895443366449646
benign (19).png,benign,datasets/Breast-Cancer-Ultrasound-Images-Dataset/Dataset_BUSI_with_GT\benign\benign (19).png,benign (19),663,572,1.1590909090909092,RGB,1,66.45994314885718,38.39958071779874,0,255,16.0,144.0,44e92f0bdf87505d7288482cc4b949a9,8ef55042338cedda,1890,0.004983704078726703,True,0.6538461538461539,0.3942307692307692,0.7903129105466354,0.9721030042918455,0.7704081632653061,1.3333333333333333,0.7505211917309611
benign (190).png,benign,datasets/Breast-Cancer-Ultrasound-Images-Dataset/Dataset_BUSI_with_GT\benign\benign (190).png,benign (190),734,470,1.5617021276595744,RGB,1,68.06888515276248,40.85843134891662,0,235,1.0,137.0,3f03b0954b500e07c3ea12d084ccd77f,daacc73334c0b8e3,30729,0.08907472896979535,True,0.33923705722070846,0.5276595744680851,0.8353104057325155,0.9887762726180035,0.7315475761290168,1.0298507462686568,0.6043187392721214
benign (191).png,benign,datasets/Breast-Cancer-Ultrasound-Images-Dataset/Dataset_BUSI_with_GT\benign\benign (191).png,benign (191),549,463,1.1857451403887689,RGB,1,64.40684614083332,53.791880665492606,0,255,6.0,169.0,082cb48db39b05cbac2af3f5f1549f7b,e8cba3f2808437f3,4093,0.016102318371907298,True,0.465391621129326,0.26457883369330454,0.6573505388745973,0.9874221668742217,0.8427933673469388,2.6666666666666665,0.9044723408148956
benign (192).png,benign,datasets/Breast-Cancer-Ultrasound-Images-Dataset/Dataset_BUSI_with_GT\benign\benign (192).png,benign (192),557,474,1.1751054852320675,RGB,1,65.83663235082456,49.696656188544075,0,255,2.0,159.0,1eb2eb6ac930bb4049e026854d2272ba,96cd71131a2dec8d,8201,0.03106227605693551,True,0.6454219030520646,0.339662447257384,0.8082155937140906,0.9853022230387654,0.7816265060240963,1.4939759036144578,0.7284331657061816
benign (193).png,benign,datasets/Breast-Cancer-Ultrasound-Images-Dataset/Dataset_BUSI_with_GT\benign\benign (193).png,benign (193),754,580,1.3,RGB,1,86.582740327449,53.97729429132351,0,248,9.0,180.0,24782d49f21132617936aa3f492b9bc0,e1bf1cae1e91a390,4502,0.01029452117442605,True,0.6850132625994695,0.41810344827586204,0.8520409661468213,0.982756690180271,0.7915764790764791,1.2727272727272727,0.6648390904638897
benign (194).png,benign,datasets/Breast-Cancer-Ultrasound-Images-Dataset/Dataset_BUSI_with_GT\benign\benign (194).png,benign (194),711,492,1.4451219512195121,RGB,1,119.82384252112563,58.80621261894609,0,255,33.0,223.0,3d198d6f4e682cb5db486826f822f39e,cce9083432f36bab,10649,0.030442066024035767,True,0.7545710267229254,0.28252032520325204,0.8137138128120317,0.9853280037620503,0.7248166597481666,1.4747474747474747,0.7285258533748857
benign (195).png,benign,datasets/Breast-Cancer-Ultrasound-Images-Dataset/Dataset_BUSI_with_GT\benign\benign (195).png,benign (195),729,611,1.193126022913257,RGB,3,54.689447464073154,46.83124128444802,0,242,1.0,133.0,6478a754e294f3d148cacc4d1548e12c,8001d11f6e573ddb,156339,0.3509931098583581,True,0.46982167352537724,0.5490998363338789,0.3574357479358018,0.9130130088559889,0.676454977615729,1.6347517730496455,0.807973794372866
benign (196).png,benign,datasets/Breast-Cancer-Ultrasound-Images-Dataset/Dataset_BUSI_with_GT\benign\benign (196).png,benign (196),766,580,1.3206896551724139,RGB,1,101.460288556766,51.902027457054146,0,255,27.0,185.0,105d0c6d5412fbd03c1cc71126315841,8cac6227bfd8a499,15265,0.03435896281624201,True,0.5959530026109661,0.1146551724137931,0.36296865938591394,0.8844308894942556,0.58337890625,4.0,0.9761314012203621
benign (197).png,benign,datasets/Breast-Cancer-Ultrasound-Images-Dataset/Dataset_BUSI_with_GT\benign\benign (197).png,benign (197),547,465,1.1763440860215053,RGB,1,92.2717225924397,54.44178119169101,0,255,21.0,191.0,6e0abba93dd32d696105e6e77ca432b8,fde28298a83d6cd4,3583,0.014086611232332763,True,0.5137111517367459,0.2946236559139785,0.7756747493846607,0.9819260096018074,0.7660277594183741,1.7450980392156863,0.8077147438897538
benign (198).png,benign,datasets/Breast-Cancer-Ultrasound-Images-Dataset/Dataset_BUSI_with_GT\benign\benign (198).png,benign (198),759,571,1.3292469352014011,RGB,1,106.60332864931966,54.30336770407398,0,252,20.0,195.0,5c8ecffaf46665aabcab97de80cbb29e,95e69a91b1666b98,41224,0.09512008841941073,True,0.6495388669301713,0.35814360770577935,0.6051653351407132,0.9801724552048806,0.7336227663322906,2.6095890410958904,0.93558919340115
benign (199).png,benign,datasets/Breast-Cancer-Ultrasound-Images-Dataset/Dataset_BUSI_with_GT\benign\benign (199).png,benign (199),556,473,1.175475687103594,RGB,1,93.71101723272545,47.09679265004074,0,255,30.0,186.0,70a1ac55af0553adb67f3f9a54b8feb9,f9de088a93e0f09e,48810,0.1855978219538534,True,0.41636690647482016,0.653276955602537,0.5501808156592454,0.9770753944588763,0.7440347906403941,3.089655172413793,0.9427047394563914
benign (2).png,benign,datasets/Breast-Cancer-Ultrasound-Images-Dataset/Dataset_BUSI_with_GT\benign\benign (2).png,benign (2),557,473,1.1775898520084567,RGB,1,127.88180413799385,54.06632222435332,0,255,42.0,219.0,af08e8718a509791da991e015325091c,c1bc627b3986c6b8,9384,0.03561817498605107,True,0.32854578096947934,0.5560253699788583,0.6945685926305012,0.9830164494766076,0.7332483467452793,2.116883116883117,0.8715584358130097
benign (20).png,benign,datasets/Breast-Cancer-Ultrasound-Images-Dataset/Dataset_BUSI_with_GT\benign\benign (20).png,benign (20),319,473,0.6744186046511628,RGB,1,78.6213457753153,70.25050927757712,0,255,14.0,214.0,4696552f02c3ebfff024522d587dea23,98b4e5cb4a5a3666,6488,0.0429990655258571,True,0.5595611285266457,0.29069767441860467,0.7760156713299831,0.9744377063022952,0.7325715604801477,1.5,0.7846116128935287
benign (200).png,benign,datasets/Breast-Cancer-Ultrasound-Images-Dataset/Dataset_BUSI_with_GT\benign\benign (200).png,benign (200),554,473,1.1712473572938689,RGB,1,75.21245830821013,45.76121783248542,0,255,12.0,161.0,414c667093937cf063ebd17f6acf2555,bde54282cbdc98b4,33776,0.12889536791812,True,0.4323104693140794,0.2536997885835095,0.6727115236500821,0.9851315905808847,0.7047543748682269,2.026143790849673,0.9093748170626678
benign (201).png,benign,datasets/Breast-Cancer-Ultrasound-Images-Dataset/Dataset_BUSI_with_GT\benign\benign (201).png,benign (201),556,474,1.1729957805907174,RGB,1,121.14734541480739,39.95228872409783,0,255,66.0,196.0,1eac8835e47c14d3fab68245b0df2d2a,8ed830627bcf3782,6540,0.024815590565522266,True,0.49550359712230213,0.39662447257383965,0.3945334880915872,0.8617194939464019,0.5352797025519689,3.180327868852459,0.9428142890460876
benign (202).png,benign,datasets/Breast-Cancer-Ultrasound-Images-Dataset/Dataset_BUSI_with_GT\benign\benign (202).png,benign (202),552,469,1.1769722814498933,RGB,1,76.91968341522202,57.004296045896055,0,255,12.0,182.0,327c0703da1f4b1f0136bebea98b0cf7,f6d688912149eafa,1568,0.006056673155959333,True,0.894927536231884,0.19189765458422176,0.8338514819494444,0.9823124795283328,0.808355795148248,1.5142857142857142,0.670186841638688
benign (203).png,benign,datasets/Breast-Cancer-Ultrasound-Images-Dataset/Dataset_BUSI_with_GT\benign\benign (203).png,benign (203),569,471,1.208067940552017,RGB,1,104.0290224963526,62.00560220710828,0,255,18.0,206.0,d67e8342eb717edeb4065f5c48f7648a,9cda6335da16a4ca,27411,0.10228023238892682,True,0.5562390158172232,0.24522292993630573,0.6441125824406422,0.9852323360916614,0.7474199779249449,2.5166666666666666,0.9244260146869598
benign (204).png,benign,datasets/Breast-Cancer-Ultrasound-Images-Dataset/Dataset_BUSI_with_GT\benign\benign (204).png,benign (204),560,476,1.1764705882352942,RGB,1,78.25762680072029,57.085245675565886,0,255,8.0,183.0,a46befa60fd3245bc906b75e033609ef,84b77bca88acd496,14121,0.0529749399759904,True,0.45267857142857143,0.16911764705882354,0.795638924900146,0.9862533215234721,0.7267387218045113,1.4736842105263157,0.7622372314888112
benign (205).png,benign,datasets/Breast-Cancer-Ultrasound-Images-Dataset/Dataset_BUSI_with_GT\benign\benign (205).png,benign (205),557,477,1.1677148846960168,RGB,1,66.41060789118104,48.42043643093982,0,255,1.0,154.0,81b488bd319641d3345e20895c39d0aa,86b96c5cf91b94a4,59848,0.22525584423894102,True,0.48114901256732495,0.5167714884696016,0.6250231818924711,0.9839371410100206,0.7578715526046986,2.528409090909091,0.916801219931456
benign (206).png,benign,datasets/Breast-Cancer-Ultrasound-Images-Dataset/Dataset_BUSI_with_GT\benign\benign (206).png,benign (206),569,485,1.1731958762886598,RGB,1,59.25334734477198,54.98728009218369,0,255,1.0,163.0,428b0dad39820207d2d3e7f0148a56ff,94b0eb5b9ca45c9c,14848,0.05380392441070426,True,0.45606326889279436,0.1824742268041237,0.739147792746561,0.9806970509383378,0.6646075581395349,1.34375,0.8319999086003501
benign (207).png,benign,datasets/Breast-Cancer-Ultrasound-Images-Dataset/Dataset_BUSI_with_GT\benign\benign (207).png,benign (207),562,481,1.1683991683991684,RGB,1,57.58144361169272,46.09095566068324,0,255,1.0,145.0,f40e5fff729be7d05ed49fefc22bd866,fdb04a6bc1d38788,33244,0.12297926176929735,True,0.6565836298932385,0.4594594594594595,0.5580455989639237,0.9775662005355549,0.724099173553719,2.904,0.9327051724591113
benign (208).png,benign,datasets/Breast-Cancer-Ultrasound-Images-Dataset/Dataset_BUSI_with_GT\benign\benign (208).png,benign (208),562,479,1.173277661795407,RGB,1,74.19393903372239,54.86414813921487,0,255,1.0,172.0,8f2c5aef9c31ab265900d4164df84e76,c5bb394886e6e1b1,3229,0.011994888520717093,True,0.41637010676156583,0.2839248434237996,0.8248358924237865,0.9807541855734627,0.7679490320999754,1.4528301886792452,0.7269387386924203
benign (209).png,benign,datasets/Breast-Cancer-Ultrasound-Images-Dataset/Dataset_BUSI_with_GT\benign\benign (209).png,benign (209),558,477,1.169811320754717,RGB,1,83.02119354087299,62.604521783730384,0,255,8.0,197.0,a43cae52dd24a6cba87378cb43dde871,c6ec3b1b499598d4,7707,0.028955614165595906,True,0.5501792114695341,0.20125786163522014,0.762150716983921,0.9843556482628251,0.7569423558897244,1.7733333333333334,0.791577293334411
benign (21).png,benign,datasets/Breast-Cancer-Ultrasound-Images-Dataset/Dataset_BUSI_with_GT\benign\benign (21).png,benign (21),558,451,1.237250554323725,RGB,1,119.11903853642642,48.08904791062368,0,255,42.0,203.0,d566f8863d6e176188e67fadc586caba,85fe78b19987862c,1854,0.007367141120091553,True,0.5501792114695341,0.31596452328159647,0.7128884883062251,0.9733809001097695,0.7180161943319838,1.7105263157894737,0.8627138959516377
benign (210).png,benign,datasets/Breast-Cancer-Ultrasound-Images-Dataset/Dataset_BUSI_with_GT\benign\benign (210).png,benign (210),563,471,1.1953290870488322,RGB,1,88.84769942641219,51.22678549921697,0,255,19.0,183.0,42b21c55cbb488ec8de0da0372f659e5,c8a33c5c42e9ba97,21372,0.08059644081411003,True,0.21492007104795738,0.5212314225053079,0.7510586242762869,0.9860802952098465,0.7014387293992557,0.9715909090909091,0.7751068065727191
benign (211).png,benign,datasets/Breast-Cancer-Ultrasound-Images-Dataset/Dataset_BUSI_with_GT\benign\benign (211).png,benign (211),557,465,1.1978494623655913,RGB,1,99.00121233180826,61.20544828641826,0,255,12.0,203.0,e99001cc88e52dcc66efdb3ecfd3b32e,e9883e128acad4bf,4489,0.017331711743016544,True,0.5879712746858169,0.2591397849462366,0.6792148660080038,0.9805530575539568,0.6962803320561941,1.8620689655172413,0.8917104562806196
benign (212).png,benign,datasets/Breast-Cancer-Ultrasound-Images-Dataset/Dataset_BUSI_with_GT\benign\benign (212).png,benign (212),558,469,1.1897654584221748,RGB,1,96.67359439362328,58.4911231645235,0,255,15.0,200.0,5bd85c398518ccb353ee0a5000ff7b65,94a56b5a52f98996,22229,0.08494012273501922,True,0.6137992831541219,0.31023454157782515,0.407792879682203,0.96330437083756,0.7650623511279249,4.6923076923076925,0.9702230711840645
benign (213).png,benign,datasets/Breast-Cancer-Ultrasound-Images-Dataset/Dataset_BUSI_with_GT\benign\benign (213).png,benign (213),573,486,1.1790123456790123,RGB,1,41.350584247229584,38.13092317895941,0,241,1.0,113.0,667b6114a4dd2d9f7c83953b7e3234f7,90844b5b7cf6c6a6,10555,0.037902455490200306,True,0.5776614310645725,0.27469135802469136,0.8024800888014438,0.9867357611486165,0.7673395445134575,1.5978260869565217,0.7919481737302754
benign (214).png,benign,datasets/Breast-Cancer-Ultrasound-Images-Dataset/Dataset_BUSI_with_GT\benign\benign (214).png,benign (214),602,396,1.52020202020202,RGB,1,104.95043457834156,43.64018067527359,0,255,43.0,187.0,929d7cdb79da0222f817b02fd29e94d3,cdda321fb6c080fc,13344,0.05597503271921877,True,0.7865448504983389,0.2058080808080808,0.6930644672543461,0.9882919850920453,0.7708480150340615,2.302325581395349,0.9009236309260475
benign (215).png,benign,datasets/Breast-Cancer-Ultrasound-Images-Dataset/Dataset_BUSI_with_GT\benign\benign (215).png,benign (215),600,396,1.5151515151515151,RGB,1,105.57599326599326,45.895289798593986,8,255,38.0,189.0,78e45f1b465eec1a00f3300dc24f95cb,cd9623bad13ca686,5614,0.023627946127946126,True,0.705,0.16792929292929293,0.8778697371119978,0.9865204888569374,0.8088712054229296,1.1153846153846154,0.4214359582279836
benign (216).png,benign,datasets/Breast-Cancer-Ultrasound-Images-Dataset/Dataset_BUSI_with_GT\benign\benign (216).png,benign (216),646,386,1.6735751295336787,RGB,1,100.66214969762108,49.8256742571237,0,255,27.0,195.0,1d429640f4aec66e110337957fb1932f,c99536c585f4a5d1,14460,0.05798938064454034,True,0.8235294117647058,0.22279792746113988,0.666410249979598,0.9874392782789729,0.7607056936647955,2.471264367816092,0.905582353221207
benign (217).png,benign,datasets/Breast-Cancer-Ultrasound-Images-Dataset/Dataset_BUSI_with_GT\benign\benign (217).png,benign (217),603,396,1.5227272727272727,RGB,1,81.64406502839338,40.73809730133343,0,255,24.0,158.0,93a96157b4bb8ee195b9134630507cb7,c3abee949896c0f2,20778,0.08701442283531836,True,0.6102819237147595,0.1553030303030303,0.5228453674631335,0.9828228228228229,0.7747519127338838,3.5697674418604652,0.9611910486691767
benign (218).png,benign,datasets/Breast-Cancer-Ultrasound-Images-Dataset/Dataset_BUSI_with_GT\benign\benign (218).png,benign (218),602,396,1.52020202020202,RGB,1,86.46267492197725,47.7531134460656,0,255,23.0,178.0,32b5f6b006395094ca14429f4bb4bd36,f9a00e1acb96e563,30047,0.12604030336588476,True,0.5373754152823921,0.22853535353535354,0.5641874720884301,0.9831403918451168,0.688793743618305,2.7142857142857144,0.9454377498775939
benign (219).png,benign,datasets/Breast-Cancer-Ultrasound-Images-Dataset/Dataset_BUSI_with_GT\benign\benign (219).png,benign (219),608,396,1.5353535353535352,RGB,1,70.51536333732058,47.90048211394435,0,246,11.0,162.0,dbc18c5c3b1ffdc8a76df05c308eab58,e4c99a362178f4e5,6119,0.025414506911217438,True,0.8240131578947368,0.24873737373737373,0.5895380061017305,0.9696377696377696,0.70820451843044,2.5,0.9419118354827863
benign (22).png,benign,datasets/Breast-Cancer-Ultrasound-Images-Dataset/Dataset_BUSI_with_GT\benign\benign (22).png,benign (22),562,463,1.2138228941684666,RGB,1,84.0573622437607,58.49339251165435,0,255,4.0,178.0,ed96231690475d1aa62313e08b2fde56,ecb3ce2931c48cb3,13641,0.0524238487967226,True,0.4412811387900356,0.5226781857451404,0.8396832866165078,0.9887871769420242,0.7415494899365868,1.3247863247863247,0.6748544181171343
benign (220).png,benign,datasets/Breast-Cancer-Ultrasound-Images-Dataset/Dataset_BUSI_with_GT\benign\benign (220).png,benign (220),609,396,1.5378787878787878,RGB,1,96.89179147799837,39.8620718808793,0,255,43.0,175.0,1e8353de59bc061b8bab622adaac7263,99e484e37a9b89ac,7666,0.031787497304738684,True,0.8325123152709359,0.44191919191919193,0.6429016469435801,0.9707538013587835,0.5763734152900499,1.4421052631578948,0.9097905513307136
benign (221).png,benign,datasets/Breast-Cancer-Ultrasound-Images-Dataset/Dataset_BUSI_with_GT\benign\benign (221).png,benign (221),610,394,1.5482233502538072,RGB,1,96.56859449113756,44.854275256482545,0,255,25.0,174.04999999998836,31113537dca42d94ecd0578efc78b35c,9639a9c2e0f5bf80,2110,0.008779229424981277,True,0.9122950819672131,0.48223350253807107,0.7515289676978341,0.9782870928829915,0.7272238163558106,1.6585365853658536,0.8317015860522599
benign (222).png,benign,datasets/Breast-Cancer-Ultrasound-Images-Dataset/Dataset_BUSI_with_GT\benign\benign (222).png,benign (222),605,392,1.5433673469387754,RGB,1,109.5379785798617,40.26793726392661,8,255,56.0,187.0,3241a299b06f89ca254fd3ad64ca4716,94fd4b92b0c18ab7,8311,0.03504385225164446,True,0.41487603305785126,0.4272959183673469,0.6852851550091137,0.9789037143887487,0.6382053291536051,1.6477272727272727,0.900323984476537
benign (223).png,benign,datasets/Breast-Cancer-Ultrasound-Images-Dataset/Dataset_BUSI_with_GT\benign\benign (223).png,benign (223),562,465,1.2086021505376343,RGB,1,89.50241074503501,49.62712195967081,0,255,19.0,183.0,2926d4ff1d46c17db6a74466923f53e4,9cdc62a0e196e7b1,7241,0.027708261584969196,True,0.30516014234875444,0.1935483870967742,0.6526876463924822,0.9807279029462739,0.7586336336336337,2.3492063492063493,0.9016055008073159
benign (224).png,benign,datasets/Breast-Cancer-Ultrasound-Images-Dataset/Dataset_BUSI_with_GT\benign\benign (224).png,benign (224),568,469,1.211087420042644,RGB,1,102.41230592510286,53.0272606283884,0,255,20.0,185.0,facafba474f08bf84a0b7ee052a57767,d9b0164bd9f544a5,33419,0.12545046397789725,True,0.44278169014084506,0.31663113006396587,0.656838447845819,0.9812104841342871,0.7957631198844487,2.3134328358208953,0.8974373930309132
benign (225).png,benign,datasets/Breast-Cancer-Ultrasound-Images-Dataset/Dataset_BUSI_with_GT\benign\benign (225).png,benign (225),558,473,1.1797040169133193,RGB,1,82.36861109216699,52.35723155080177,0,255,14.0,178.0,c2772acbcc799ca34c926fc0ce611c0a,88f87567d284ecc9,11894,0.045064296377124585,True,0.20878136200716846,0.36046511627906974,0.6264251669067314,0.9805947580645161,0.791711882799783,2.5526315789473686,0.9225918645928628
benign (226).png,benign,datasets/Breast-Cancer-Ultrasound-Images-Dataset/Dataset_BUSI_with_GT\benign\benign (226).png,benign (226),555,469,1.183368869936034,RGB,1,107.72915346049675,48.25149437063343,0,255,34.0,196.0,d3ffe8234d58b4c239cd80e3678c0915,d0ef2c61fa944de0,7646,0.029374363702721912,True,0.4072072072072072,0.5042643923240938,0.5837917865972628,0.9680596047942986,0.5873427672955975,1.9875,0.9383798756122284
benign (227).png,benign,datasets/Breast-Cancer-Ultrasound-Images-Dataset/Dataset_BUSI_with_GT\benign\benign (227).png,benign (227),567,468,1.2115384615384615,RGB,1,104.92027691101765,42.43449132099374,0,255,47.0,185.0,534f31b05878e18c2c1135b96037e8cd,83ea54ada5a057b6,6774,0.025527969972414417,True,0.5326278659611993,0.5758547008547008,0.5116647431658378,0.9691244578401823,0.6569164839545545,2.9827586206896552,0.9575889211360868
benign (228).png,benign,datasets/Breast-Cancer-Ultrasound-Images-Dataset/Dataset_BUSI_with_GT\benign\benign (228).png,benign (228),563,469,1.2004264392324093,RGB,1,89.02129923839317,57.893059153673306,0,255,10.0,190.0,6eefeab599e46691541771635e593e17,d0962e69a66a7aca,30588,0.11584301279696417,True,0.6136767317939609,0.3624733475479744,0.47287397277452836,0.9842939622272238,0.7257215007215008,3.7714285714285714,0.970288235438093
benign (229).png,benign,datasets/Breast-Cancer-Ultrasound-Images-Dataset/Dataset_BUSI_with_GT\benign\benign (229).png,benign (229),564,470,1.2,RGB,1,85.16665912177456,54.956842311720855,0,255,21.0,193.0,8fde1e536d8132a71cd701a58fcffe28,9998d8aa6665f598,15129,0.05707333635129018,True,0.5354609929078015,0.4340425531914894,0.7804974888902209,0.9886955080391182,0.7785725473816112,1.6728971962616823,0.8177480062342188
benign (23).png,benign,datasets/Breast-Cancer-Ultrasound-Images-Dataset/Dataset_BUSI_with_GT\benign\benign (23).png,benign (23),779,583,1.3361921097770155,RGB,1,115.57955288589629,52.45168177096294,0,255,29.0,201.0,a798efad39600b98f114c7836da36382,ade6192ee6c999a0,18935,0.04169263052204414,True,0.5609756097560976,0.5300171526586621,0.7654750310398891,0.9811291042229863,0.7547345043408036,1.5354330708661417,0.7945750652116
benign (230).png,benign,datasets/Breast-Cancer-Ultrasound-Images-Dataset/Dataset_BUSI_with_GT\benign\benign (230).png,benign (230),566,470,1.2042553191489362,RGB,1,60.51832944891362,43.83470086610695,0,255,2.0,139.0,77821f475f9441d7be9b83b935bc3c58,c59cbef26ce8c290,12385,0.04655664987594918,True,0.33480565371024734,0.1946808510638298,0.6198421127489121,0.9842978551193848,0.7495685404339251,2.6666666666666665,0.9319811940080343
benign (231).png,benign,datasets/Breast-Cancer-Ultrasound-Images-Dataset/Dataset_BUSI_with_GT\benign\benign (231).png,benign (231),561,472,1.1885593220338984,RGB,1,121.95968533792562,47.09103043991896,0,255,56.0,213.0,d35fc67f8a744ff11b5e76956ca5e34d,9ae22dcd30d0cf8b,14369,0.054265234599232604,True,0.45187165775401067,0.4713983050847458,0.6163039155401544,0.9865879640948622,0.8011969593828001,2.8974358974358974,0.9309670402248319
benign (232).png,benign,datasets/Breast-Cancer-Ultrasound-Images-Dataset/Dataset_BUSI_with_GT\benign\benign (232).png,benign (232),562,469,1.1982942430703625,RGB,1,58.19970558999613,57.17561932748624,0,255,4.0,183.0,94f2f6f668d3734568b13a31ed4329d7,c8d0378f99a6aca5,29842,0.11321885741602107,True,0.4928825622775801,0.22707889125799574,0.8604880071598159,0.9920284625841207,0.7889173606662396,1.3273809523809523,0.6394026140591863
benign (233).png,benign,datasets/Breast-Cancer-Ultrasound-Images-Dataset/Dataset_BUSI_with_GT\benign\benign (233).png,benign (233),557,471,1.1825902335456475,RGB,1,89.00222224763385,64.35617445301419,0,255,14.0,210.0,82ab0ba9dbcef93bceae59ce0b79fead,e696fb6b25088c9c,43145,0.16445776014210187,True,0.4856373429084381,0.4840764331210191,0.8543316261262212,0.9920261468208896,0.7808531601226099,1.1221719457013575,0.5860582121045087
benign (234).png,benign,datasets/Breast-Cancer-Ultrasound-Images-Dataset/Dataset_BUSI_with_GT\benign\benign (234).png,benign (234),562,469,1.1982942430703625,RGB,1,57.79017216914917,51.13011013456884,0,255,9.0,166.0,522672f2a6a32f6a9401838ce92a8cbc,c495b9cec2e0aca7,33802,0.12824287307741922,True,0.2802491103202847,0.21855010660980811,0.7622278679618727,0.9873451327433629,0.7818135102307764,1.8051948051948052,0.8502485579120006
benign (235).png,benign,datasets/Breast-Cancer-Ultrasound-Images-Dataset/Dataset_BUSI_with_GT\benign\benign (235).png,benign (235),560,468,1.1965811965811965,RGB,1,78.26452991452992,51.080942042208214,0,255,18.0,175.0,ca3aa1a25a97c284c658a71e3f7bc843,c1e8ff7e3e8884c0,21762,0.08303571428571428,True,0.7071428571428572,0.5384615384615384,0.6817609277286956,0.9832452104648768,0.7561520859003696,2.1478260869565218,0.8998183490956125
benign (236).png,benign,datasets/Breast-Cancer-Ultrasound-Images-Dataset/Dataset_BUSI_with_GT\benign\benign (236).png,benign (236),566,469,1.20682302771855,RGB,1,67.41917243665569,36.7676438451599,0,240,23.0,139.0,e625112bd6e9c8c585305d3cd95040b6,a0e433c3cf9e949c,80548,0.3034348700716508,True,0.508833922261484,0.5810234541577826,0.7908439704047623,0.9917113723935426,0.8034126267188598,1.646341463414634,0.8167330211264028
benign (237).png,benign,datasets/Breast-Cancer-Ultrasound-Images-Dataset/Dataset_BUSI_with_GT\benign\benign (237).png,benign (237),558,473,1.1797040169133193,RGB,1,92.63825426053484,44.19378541024795,0,255,32.0,176.0,a18846ab4ec70b6edf99d6db40050eb7,f1a18eda9e8d24e1,25108,0.09512984306682731,True,0.543010752688172,0.23044397463002114,0.8270261280347698,0.9880275247603516,0.7595168934413699,1.3612903225806452,0.7247699645736997
benign (238).png,benign,datasets/Breast-Cancer-Ultrasound-Images-Dataset/Dataset_BUSI_with_GT\benign\benign (238).png,benign (238),556,469,1.185501066098081,RGB,1,97.11108511911154,45.80465673049526,0,255,35.0,182.0,a205eff1b1e8039e00731710347af477,a2bacdcd21382eb3,23244,0.08913807120614808,True,0.3839928057553957,0.3699360341151386,0.8009934840251929,0.9891339429800968,0.7175636863136863,1.3506493506493507,0.7439973290947616
benign (239).png,benign,datasets/Breast-Cancer-Ultrasound-Images-Dataset/Dataset_BUSI_with_GT\benign\benign (239).png,benign (239),560,473,1.1839323467230445,RGB,1,95.16393461189973,47.10657567381682,0,255,22.0,176.0,2dc42ec45aac78ebad3470648f0e5d24,e496f83199d94aa6,6227,0.023508758683177287,True,0.5633928571428571,0.2029598308668076,0.8087072681763616,0.9865543495869108,0.7797695262483995,1.5492957746478873,0.7254394084474116
benign (24).png,benign,datasets/Breast-Cancer-Ultrasound-Images-Dataset/Dataset_BUSI_with_GT\benign\benign (24).png,benign (24),556,467,1.1905781584582442,RGB,1,83.2423782601328,41.79094723210586,0,254,9.0,151.0,9dae9a120dec8a290cbfc3d4e383820c,c8b45beae4999866,5465,0.021047401907168056,True,0.5746402877697842,0.5374732334047109,0.7844757522200417,0.9796143250688705,0.7665995975855131,1.380281690140845,0.7431048616271821
benign (240).png,benign,datasets/Breast-Cancer-Ultrasound-Images-Dataset/Dataset_BUSI_with_GT\benign\benign (240).png,benign (240),556,473,1.175475687103594,RGB,1,90.49779837863325,42.84009231472019,0,255,33.0,170.0,5e34dae729281184f812fb5846bfb138,b3bfc4c4a13893b1,28187,0.10717979527583008,True,0.41276978417266186,0.3562367864693446,0.7808798239531755,0.9894141428470105,0.7461355370132648,1.618421052631579,0.820891348727898
benign (241).png,benign,datasets/Breast-Cancer-Ultrasound-Images-Dataset/Dataset_BUSI_with_GT\benign\benign (241).png,benign (241),562,471,1.1932059447983014,RGB,1,79.84676353030956,44.31082027074882,0,255,22.0,163.0,ae9b8b14923ea571b1b3edad5555f475,f4ba68e8888383df,12012,0.04537933223020604,True,0.40747330960854095,0.14012738853503184,0.6292061425731936,0.9750805851723283,0.6814243631952868,2.2873563218390807,0.9278120154586881
benign (242).png,benign,datasets/Breast-Cancer-Ultrasound-Images-Dataset/Dataset_BUSI_with_GT\benign\benign (242).png,benign (242),556,474,1.1729957805907174,RGB,1,111.76849027107428,39.72895448483146,0,255,52.0,183.0,efc3086c1a5791981b8156f879fc336c,9cf00b27c58f2bb2,19380,0.07353610782260268,True,0.27428057553956836,0.6656118143459916,0.7443538378995435,0.9794450417242615,0.714395070948469,1.5846153846153845,0.7817404514555788
benign (243).png,benign,datasets/Breast-Cancer-Ultrasound-Images-Dataset/Dataset_BUSI_with_GT\benign\benign (243).png,benign (243),561,473,1.186046511627907,RGB,1,79.25666941771904,43.03477810516557,0,255,24.0,161.0,c8df3210905c52a16010221737666e0d,e6ed10f8be8790d0,27776,0.10467565846250089,True,0.6470588235294118,0.5761099365750528,0.5303857765959192,0.9752170509536009,0.750808130615823,3.375,0.9602412755498648
benign (244).png,benign,datasets/Breast-Cancer-Ultrasound-Images-Dataset/Dataset_BUSI_with_GT\benign\benign (244).png,benign (244),561,475,1.1810526315789474,RGB,1,95.1285036119711,40.334790453806654,0,255,41.0,172.0,e8faee40c8c11c77cad1d80e1e197f1c,cdd0903bbbb2d584,5479,0.020561028239046816,True,0.6140819964349377,0.2073684210526316,0.6685346567932252,0.9760577538152243,0.6525537634408602,1.878787878787879,0.8840401009415966
benign (245).png,benign,datasets/Breast-Cancer-Ultrasound-Images-Dataset/Dataset_BUSI_with_GT\benign\benign (245).png,benign (245),560,465,1.2043010752688172,RGB,1,86.10819124423963,40.9374513016948,0,255,33.0,165.0,61a564cdb51bcfede16eade2a36f087b,eec29918b9f380dc,5649,0.021693548387096775,True,0.5758928571428571,0.221505376344086,0.6778962338514893,0.9819916198627084,0.7053662909836066,2.098360655737705,0.9009321687496191
benign (246).png,benign,datasets/Breast-Cancer-Ultrasound-Images-Dataset/Dataset_BUSI_with_GT\benign\benign (246).png,benign (246),526,331,1.5891238670694865,RGB,1,95.64974785475515,43.994362155808005,0,255,24.0,172.0,63e270ea535b66eeef12f981fa3a75e8,963dadc2c275bd80,1378,0.007914718619691452,True,0.8840304182509505,0.4697885196374622,0.7362878904610952,0.966064182958318,0.7440340909090909,1.71875,0.8488337003354984
benign (247).png,benign,datasets/Breast-Cancer-Ultrasound-Images-Dataset/Dataset_BUSI_with_GT\benign\benign (247).png,benign (247),469,396,1.1843434343434343,RGB,1,66.25244987185286,36.353003226585685,0,248,23.0,137.0,7da701f97309360f1c0aadb52e0bcac5,a8e432c3cf9e949c,2750,0.014806917791992419,True,0.2899786780383795,0.3042929292929293,0.6384978992247098,0.9557761732851986,0.6760725229826353,2.022727272727273,0.8964859734027946
benign (248).png,benign,datasets/Breast-Cancer-Ultrasound-Images-Dataset/Dataset_BUSI_with_GT\benign\benign (248).png,benign (248),472,385,1.225974025974026,RGB,1,92.80290006603566,45.47814683435861,0,255,31.0,181.0,879e9eb7be41f79003a2f30f331848f6,f9dc088a97e0b29e,2166,0.011919436495707682,True,0.5317796610169492,0.5688311688311688,0.6408585909349344,0.977374499175112,0.7313932980599648,2.3142857142857145,0.930665590284805
benign (249).png,benign,datasets/Breast-Cancer-Ultrasound-Images-Dataset/Dataset_BUSI_with_GT\benign\benign (249).png,benign (249),465,395,1.1772151898734178,RGB,1,77.95900367496938,56.771541730371354,0,255,8.0,182.0,92e7217f35a929305e07a7162bd82d91,84b77bca88acd496,9112,0.04960936436640806,True,0.44946236559139785,0.16962025316455695,0.8063767486146285,0.9876979091962266,0.7236278393015925,1.5617977528089888,0.7724429513525756
benign (25).png,benign,datasets/Breast-Cancer-Ultrasound-Images-Dataset/Dataset_BUSI_with_GT\benign\benign (25).png,benign (25),770,583,1.320754716981132,RGB,2,136.44967588157982,52.219779169809975,0,255,52.0,223.0,08dc9e43cb86ce9d602d5459084bf833,cca624da5b1a5ac7,5824,0.012973647278964603,True,0.6181818181818182,0.24099485420240138,0.8166794857081479,0.9802764404410623,0.8046914839367669,1.3962264150943395,0.661506400499613
benign (250).png,benign,datasets/Breast-Cancer-Ultrasound-Images-Dataset/Dataset_BUSI_with_GT\benign\benign (250).png,benign (250),469,394,1.1903553299492386,RGB,1,103.72597491151927,42.08004166229363,0,255,46.0,183.0,6f7fb11f21674df7d7376b9f323ce092,93ea50afa5a055b6,4554,0.02464472416741528,True,0.5373134328358209,0.5723350253807107,0.49741596484033246,0.9635547772791945,0.6243971631205674,2.82,0.9627186083291115
benign (251).png,benign,datasets/Breast-Cancer-Ultrasound-Images-Dataset/Dataset_BUSI_with_GT\benign\benign (251).png,benign (251),467,387,1.20671834625323,RGB,1,94.68722783836573,39.73789409384994,0,255,41.0,170.0,177e5a1146c9bfbe5b3cd83c39e3e2bb,ccd0913bbbb2d584,3811,0.021086820598797094,True,0.6220556745182013,0.2054263565891473,0.6874290020655861,0.9777836551176937,0.6836168639053254,2.0,0.8834623344087204
benign (252).png,benign,datasets/Breast-Cancer-Ultrasound-Images-Dataset/Dataset_BUSI_with_GT\benign\benign (252).png,benign (252),473,398,1.1884422110552764,RGB,1,58.27291319175157,42.88186348315526,0,248,2.0,135.0,1e4c75d1775a9b8dea2eb638f37102f6,c59cbef26ce8c282,8957,0.047579334303653575,True,0.33403805496828753,0.1884422110552764,0.6309593806042777,0.9832922179860956,0.7478891257995736,2.611940298507463,0.9249909111500059
benign (253).png,benign,datasets/Breast-Cancer-Ultrasound-Images-Dataset/Dataset_BUSI_with_GT\benign\benign (253).png,benign (253),463,383,1.2088772845953002,RGB,1,43.14177602084261,37.54885901637851,0,245,1.0,114.0,ebb2275753ae881a29a213cb39189f32,908c4a5b7cf7c6a4,6628,0.03737685319378105,True,0.58207343412527,0.2859007832898172,0.8185362597386636,0.9882755995432052,0.7561160298229264,1.5675675675675675,0.7535776748270837
benign (254).png,benign,datasets/Breast-Cancer-Ultrasound-Images-Dataset/Dataset_BUSI_with_GT\benign\benign (254).png,benign (254),473,389,1.2159383033419022,RGB,1,97.91429208084915,60.95249629328814,0,255,12.0,201.0,88e3747ca787028cd0a4dbb9d9a213b9,c9883e128acadcbf,1013,0.005505524546595869,True,0.5454545454545454,0.27249357326478146,0.7244987333540556,0.971501272264631,0.7002934702861335,1.6206896551724137,0.8258655134826964
benign (255).png,benign,datasets/Breast-Cancer-Ultrasound-Images-Dataset/Dataset_BUSI_with_GT\benign\benign (255).png,benign (255),473,389,1.2159383033419022,RGB,1,89.876025152584,42.318014938452514,0,255,33.0,168.0,e0fff2c11ddaad67b2f0951ac72a8128,b7b5c4c5a13893b1,13573,0.07376750707891977,True,0.37420718816067655,0.35732647814910024,0.8474397884731303,0.9892413487133984,0.7674238513164687,1.2735042735042734,0.7039450474378665
benign (256).png,benign,datasets/Breast-Cancer-Ultrasound-Images-Dataset/Dataset_BUSI_with_GT\benign\benign (256).png,benign (256),469,395,1.1873417721518988,RGB,1,58.367865914550215,45.95607745808384,0,255,1.0,146.0,e6c1bc2575bc664a8a143ae01f22ebfc,fdb04aebc1d38588,17678,0.09542522469029176,True,0.40618336886993606,0.43291139240506327,0.6508492939539227,0.9840085890263887,0.7738179879132598,2.3917525773195876,0.9222816330684603
benign (257).png,benign,datasets/Breast-Cancer-Ultrasound-Images-Dataset/Dataset_BUSI_with_GT\benign\benign (257).png,benign (257),467,392,1.191326530612245,RGB,1,88.07490276624569,49.79378743987382,0,255,17.0,182.0,5b1f0b035dba2421fdcedda4375ccabd,9cdc62a0e196e6f1,4357,0.023800419525411877,True,0.31156316916488225,0.18622448979591838,0.6385172519063932,0.981651376146789,0.7493794326241134,2.5531914893617023,0.9219329982161129
benign (258).png,benign,datasets/Breast-Cancer-Ultrasound-Images-Dataset/Dataset_BUSI_with_GT\benign\benign (258).png,benign (258),462,389,1.1876606683804627,RGB,1,94.53795390556316,46.81656637265411,0,255,22.0,175.0,7c318fc00bbfb74c3be053027d981245,e496f83199d94aa6,4412,0.024549572107412723,True,0.5725108225108225,0.2069408740359897,0.7946075254969641,0.98227963873328,0.7458333333333333,1.40625,0.7970061419912867
benign (259).png,benign,datasets/Breast-Cancer-Ultrasound-Images-Dataset/Dataset_BUSI_with_GT\benign\benign (259).png,benign (259),465,390,1.1923076923076923,RGB,1,84.89005789909015,54.42749785361131,0,255,20.0,190.0,6a027ffd31d386879ef1cfe1e57a1b2e,9990d8aa6765f598,9303,0.05129859387923904,True,0.5290322580645161,0.43333333333333335,0.7800973488606571,0.9859656698693727,0.769483528519673,1.7228915662650603,0.8290018678570495
benign (26).png,benign,datasets/Breast-Cancer-Ultrasound-Images-Dataset/Dataset_BUSI_with_GT\benign\benign (26).png,benign (26),554,471,1.1762208067940552,RGB,1,67.96719093717185,44.358400232853974,0,255,1.0,145.0,2a8f14048be7132e78b575c6d8436c7f,f8b3a7ccc03c1647,33610,0.12880651812335686,True,0.34205776173285196,0.33970276008492567,0.7909927609334505,0.9909073321725672,0.7564871620086344,1.656441717791411,0.7962578982522718
benign (260).png,benign,datasets/Breast-Cancer-Ultrasound-Images-Dataset/Dataset_BUSI_with_GT\benign\benign (260).png,benign (260),498,331,1.5045317220543806,RGB,1,104.7994758490154,43.41427005221296,0,255,42.0,186.0,2165a4c157f12a1f014d8a86746c1458,cdda321fb4c0a0fc,9149,0.0555029786821,True,0.7931726907630522,0.20996978851963746,0.7064661055912341,0.9871773705354686,0.7719917369598899,2.1216216216216215,0.8939092094867002
benign (261).png,benign,datasets/Breast-Cancer-Ultrasound-Images-Dataset/Dataset_BUSI_with_GT\benign\benign (261).png,benign (261),469,386,1.2150259067357514,RGB,1,57.4891070185711,50.974509792661514,0,255,8.0,165.0,267758ed5eaccb5246999426cf4f98c3,c495b9cec2e0aca7,22135,0.12226984986245677,True,0.291044776119403,0.22538860103626943,0.7557547919641159,0.9882517735303421,0.7501886533580298,1.751937984496124,0.8168419299866817
benign (262).png,benign,datasets/Breast-Cancer-Ultrasound-Images-Dataset/Dataset_BUSI_with_GT\benign\benign (262).png,benign (262),471,401,1.174563591022444,RGB,1,66.67336435980114,48.69647657012743,0,255,1.0,157.0,1a24739a15740cd88830d6369f6fa582,86b96c58f99bc4a4,42646,0.22579432522727153,True,0.5063694267515924,0.5099750623441397,0.6309465580042621,0.9767447239086441,0.775867136978248,2.625,0.9249415615725162
benign (263).png,benign,datasets/Breast-Cancer-Ultrasound-Images-Dataset/Dataset_BUSI_with_GT\benign\benign (263).png,benign (263),465,390,1.1923076923076923,RGB,1,106.57057071960298,47.69598306838672,0,255,33.0,193.0,015bc6b36c6f2ea0e88fc3a593ca5a24,d0ef2c61fa944de0,5734,0.03161841742486904,True,0.4129032258064516,0.5025641025641026,0.599180492327815,0.9802596946832778,0.5600501253132832,1.7733333333333334,0.9329290080697397
benign (264).png,benign,datasets/Breast-Cancer-Ultrasound-Images-Dataset/Dataset_BUSI_with_GT\benign\benign (264).png,benign (264),462,391,1.1815856777493605,RGB,1,92.23133047685478,43.79777706781656,0,255,31.0,175.0,faed64274d3ca122f3098c38be4c8b10,f1a38eda9c0d05e3,16253,0.08997353882264368,True,0.5638528138528138,0.24936061381074168,0.7692979321447176,0.9852452969383991,0.7419444444444444,1.5,0.7687192760340817
benign (265).png,benign,datasets/Breast-Cancer-Ultrasound-Images-Dataset/Dataset_BUSI_with_GT\benign\benign (265).png,benign (265),544,328,1.6585365853658536,RGB,1,98.72517261477762,49.66475560750539,0,255,25.0,192.0,bf9399395c8a940fc57f467dc8020a47,c99536c585f4a5d1,12086,0.06773448708751793,True,0.8226102941176471,0.24085365853658536,0.738583984340149,0.9880734707446809,0.742288961038961,1.934065934065934,0.8652962496556583
benign (266).png,benign,datasets/Breast-Cancer-Ultrasound-Images-Dataset/Dataset_BUSI_with_GT\benign\benign (266).png,benign (266),462,389,1.1876606683804627,RGB,1,79.81041965746336,44.05853867743078,0,255,22.0,162.0,316ba3ef19fd33570d61568f74a587c8,f4ba68c8898383df,7896,0.04393549894835242,True,0.41883116883116883,0.12724935732647816,0.6121368135277336,0.9504834636940321,0.7263271837349398,2.59375,0.9372102225008945
benign (267).png,benign,datasets/Breast-Cancer-Ultrasound-Images-Dataset/Dataset_BUSI_with_GT\benign\benign (267).png,benign (267),500,327,1.529051987767584,RGB,1,108.79326605504588,39.705770552961745,6,255,56.0,185.0,677eca936f38db53e315466519f24415,94fd4b92b0c18ab7,6275,0.03837920489296636,True,0.418,0.42201834862385323,0.7323994797553911,0.9819827033952595,0.7058247956716933,1.63013698630137,0.8712432800368042
benign (268).png,benign,datasets/Breast-Cancer-Ultrasound-Images-Dataset/Dataset_BUSI_with_GT\benign\benign (268).png,benign (268),506,330,1.5333333333333334,RGB,1,80.48308180620434,39.978787135248375,0,255,24.0,155.0,26d48a795904afa98c0aff61d454b484,c3abee969896c0d2,15243,0.09128638160258713,True,0.6007905138339921,0.15757575757575756,0.5407525743704555,0.9855487523865956,0.7979052289323597,3.5205479452054793,0.9590453133614895
benign (269).png,benign,datasets/Breast-Cancer-Ultrasound-Images-Dataset/Dataset_BUSI_with_GT\benign\benign (269).png,benign (269),465,390,1.1923076923076923,RGB,1,84.31690102012682,51.92276695913303,0,255,16.0,173.0,4835dec407ed1c2ccb49293491ca4a04,84b07dd4f4d193a3,8237,0.045420457678522194,True,0.22043010752688172,0.191025641025641,0.7858501680067623,0.9777361001875492,0.6937242445054945,1.0769230769230769,0.767611879823596
benign (27).png,benign,datasets/Breast-Cancer-Ultrasound-Images-Dataset/Dataset_BUSI_with_GT\benign\benign (27).png,benign (27),774,576,1.34375,RGB,1,117.14259438702268,54.60537401153176,0,255,27.0,203.0,07f629f8d37149234c1f72593b9749ae,8ca67a199b933cc6,6736,0.015109101349411427,True,0.5549095607235142,0.24739583333333334,0.8626125931865274,0.9886048429417498,0.8585286458333333,1.2,0.5081991282683938
benign (270).png,benign,datasets/Breast-Cancer-Ultrasound-Images-Dataset/Dataset_BUSI_with_GT\benign\benign (270).png,benign (270),500,328,1.524390243902439,RGB,1,105.14612804878048,45.28254745385283,0,255,38.0,188.0,114b8f0396c64b1c8229916a233ce4d1,cdb623bad13c8686,3646,0.02223170731707317,True,0.708,0.1676829268292683,0.8682656531774253,0.9849958321756044,0.7960925218953514,1.1967213114754098,0.5228908396267131
benign (271).png,benign,datasets/Breast-Cancer-Ultrasound-Images-Dataset/Dataset_BUSI_with_GT\benign\benign (271).png,benign (271),510,324,1.5740740740740742,RGB,1,95.88144517066085,38.98483041655666,0,255,43.0,172.0,973d97839423e275261416e352b3cf68,99e484e37a9bac94,5363,0.0324558218349068,True,0.8323529411764706,0.44598765432098764,0.652139497779912,0.9801181656194317,0.5793237250554324,1.3414634146341464,0.896310653696507
benign (272).png,benign,datasets/Breast-Cancer-Ultrasound-Images-Dataset/Dataset_BUSI_with_GT\benign\benign (272).png,benign (272),498,326,1.5276073619631902,RGB,1,69.21882622514599,47.00277907909318,0,240,10.0,157.0,644f620266243580f64632525b84663c,e5c99a2621787ce5,10541,0.06492842535787322,True,0.7279116465863453,0.2776073619631902,0.3611074422269368,0.9159120310478654,0.5891873278236914,4.0,0.9741185700293546
benign (273).png,benign,datasets/Breast-Cancer-Ultrasound-Images-Dataset/Dataset_BUSI_with_GT\benign\benign (273).png,benign (273),560,469,1.1940298507462686,RGB,1,104.759979439537,61.99753522386584,0,255,18.0,207.0,ae01bb7cdbc49bbd7f45e14d3e9fe031,9cda6135da16b4ca,27561,0.1049383186110265,True,0.5473214285714286,0.2484008528784648,0.6461967685210056,0.9890141816927239,0.77737497145467,2.603448275862069,0.9243419851886326
benign (274).png,benign,datasets/Breast-Cancer-Ultrasound-Images-Dataset/Dataset_BUSI_with_GT\benign\benign (274).png,benign (274),556,471,1.1804670912951167,RGB,1,75.55811147260536,46.116425122726326,0,255,12.0,163.0,30d66d7b641ca32368319a13cff00d13,bde1428acadcb8b4,37185,0.14199468450717134,True,0.44514388489208634,0.2526539278131635,0.7002649982162005,0.9894807550211594,0.72833353111032,2.0,0.8928026476302771
benign (275).png,benign,datasets/Breast-Cancer-Ultrasound-Images-Dataset/Dataset_BUSI_with_GT\benign\benign (275).png,benign (275),556,463,1.2008639308855291,RGB,1,83.89376447006542,61.89243067809265,0,255,9.0,196.0,774c72d16f9de8bd970e72f8ec7ec3a1,c6ec3b1b499998e4,7692,0.029880199512096587,True,0.5467625899280576,0.1976241900647948,0.7319076693922626,0.9756602796478508,0.6875912408759124,1.7125,0.8009200892548082
benign (276).png,benign,datasets/Breast-Cancer-Ultrasound-Images-Dataset/Dataset_BUSI_with_GT\benign\benign (276).png,benign (276),550,474,1.160337552742616,RGB,1,57.90480245492904,56.727305538520255,0,255,4.0,181.0,41b1c9dea1eaa1bb15a677329400c189,c8d0378f9ba6ac85,30396,0.11659378596087457,True,0.49454545454545457,0.21729957805907174,0.8576816749811624,0.9919431904306851,0.8083161032195698,1.3353293413173652,0.6386577628680111
benign (277).png,benign,datasets/Breast-Cancer-Ultrasound-Images-Dataset/Dataset_BUSI_with_GT\benign\benign (277).png,benign (277),556,469,1.185501066098081,RGB,1,90.9839011519995,43.04675778789912,0,255,33.0,171.0,a2ba11efc0addf8934728d5691ddc35f,b3bdc4c5a13893b1,20290,0.077809820373978,True,0.3669064748201439,0.36353944562899787,0.8273329571268293,0.9896339807981834,0.7631709173962695,1.3028169014084507,0.6964922563207404
benign (278).png,benign,datasets/Breast-Cancer-Ultrasound-Images-Dataset/Dataset_BUSI_with_GT\benign\benign (278).png,benign (278),561,464,1.209051724137931,RGB,1,107.47509834654865,47.93241939164679,0,255,34.0,194.0,08e47c689c121b580adc5227e067609e,d0ef2c61bb944de0,8243,0.03166682033314893,True,0.4144385026737968,0.5075431034482759,0.6065424783487566,0.976161665053243,0.5672995780590717,1.7555555555555555,0.9310149540753923
benign (279).png,benign,datasets/Breast-Cancer-Ultrasound-Images-Dataset/Dataset_BUSI_with_GT\benign\benign (279).png,benign (279),551,467,1.1798715203426124,RGB,1,80.07571205944419,44.15179111643365,0,255,22.0,162.0,e1ecb5fd63556eac9e9d056d43acb924,f4ba68e8898383db,11775,0.04576067651962366,True,0.41742286751361163,0.12740899357601712,0.6195256582900911,0.9763473559722926,0.7187810945273632,2.5125,0.9274569806395327
benign (28).png,benign,datasets/Breast-Cancer-Ultrasound-Images-Dataset/Dataset_BUSI_with_GT\benign\benign (28).png,benign (28),841,696,1.2083333333333333,RGB,1,94.40079714898793,41.066328017258336,8,244,39.0,177.0,293ecf1e262a2684061ca47596bebe5e,f6cc18086de2d6ad,18616,0.03180395533505542,True,0.6617122473246135,0.548132183908046,0.8116497449575344,0.986311664608943,0.8192438023898698,1.4126984126984128,0.7292425823284785
benign (280).png,benign,datasets/Breast-Cancer-Ultrasound-Images-Dataset/Dataset_BUSI_with_GT\benign\benign (280).png,benign (280),556,471,1.1804670912951167,RGB,1,85.3066794971666,54.628349103942675,0,255,21.0,191.0,d4e98df1632426a6877748f74f86d1ee,9990dc8a6675f598,14325,0.054701461760527884,True,0.5224820143884892,0.4288747346072187,0.7883589316085479,0.9889994394618834,0.7786297440423654,1.7087378640776698,0.8096675036784533
benign (281).png,benign,datasets/Breast-Cancer-Ultrasound-Images-Dataset/Dataset_BUSI_with_GT\benign\benign (281).png,benign (281),605,392,1.5433673469387754,RGB,1,105.57638724911452,44.04188187913911,0,255,43.0,188.0,66b5e72271f22dd831cda2d2dc0d55ea,cdda3217b4c0b0fc,12791,0.053934052960026985,True,0.784297520661157,0.21173469387755103,0.7147975955556187,0.9843157194821449,0.7434125014770177,2.043956043956044,0.8811381786042097
benign (282).png,benign,datasets/Breast-Cancer-Ultrasound-Images-Dataset/Dataset_BUSI_with_GT\benign\benign (282).png,benign (282),560,465,1.2043010752688172,RGB,1,78.62603686635944,56.13775448629575,0,255,9.0,179.0,e06eba5d78b4c7de4860686d7b6eb903,84b77bcaa82cd496,13016,0.04998463901689708,True,0.44821428571428573,0.16559139784946236,0.8161854591168409,0.9886324226426727,0.7090034820096169,1.4684684684684686,0.7439247107024175
benign (283).png,benign,datasets/Breast-Cancer-Ultrasound-Images-Dataset/Dataset_BUSI_with_GT\benign\benign (283).png,benign (283),621,508,1.2224409448818898,RGB,1,66.11887735047611,54.62266888663156,0,255,1.0,160.0,b967c7ad39eaf6769f98d78dc85aad7b,d3902d6f14b0f38b,3686,0.011684227877312438,True,0.30917874396135264,0.44291338582677164,0.7525832472905711,0.972807613868117,0.701058201058201,1.2857142857142858,0.8123150332786021
benign (284).png,benign,datasets/Breast-Cancer-Ultrasound-Images-Dataset/Dataset_BUSI_with_GT\benign\benign (284).png,benign (284),622,497,1.2515090543259557,RGB,1,54.78468884043813,57.77376759365743,0,255,1.0,172.0,c1de359426c100205ca036a353794b94,ceecbb17141426ae,19226,0.06219309425685948,True,0.6985530546623794,0.2243460764587525,0.7479684315459892,0.9869960988296489,0.7585145506875599,1.7966101694915255,0.8276811017127835
benign (285).png,benign,datasets/Breast-Cancer-Ultrasound-Images-Dataset/Dataset_BUSI_with_GT\benign\benign (285).png,benign (285),625,494,1.2651821862348178,RGB,1,55.03992226720648,57.776670015806694,0,255,1.0,172.0,dcaa968135597ee286e4f68fe108228b,cee8bb17161426ae,18127,0.05871093117408907,True,0.7056,0.23582995951417005,0.7220930748126894,0.9883065184939459,0.7862200914848698,1.8125,0.8186714320882388
benign (286).png,benign,datasets/Breast-Cancer-Ultrasound-Images-Dataset/Dataset_BUSI_with_GT\benign\benign (286).png,benign (286),620,490,1.2653061224489797,RGB,1,38.669871626069785,44.20186157771482,0,244,1.0,126.0,073d34be158904f063f613248b05a7b0,d6feb980c0c14f3c,38246,0.12589203423304807,True,0.3685483870967742,0.22040816326530613,0.6157706989797493,0.9870255186532618,0.792939451078986,2.868217054263566,0.9258522388810381
benign (287).png,benign,datasets/Breast-Cancer-Ultrasound-Images-Dataset/Dataset_BUSI_with_GT\benign\benign (287).png,benign (287),466,390,1.1948717948717948,RGB,1,56.350154066248486,55.504380267954645,0,255,4.0,176.0,c5dc3d07d0f5b359eed0ab5fe100d27d,c8d0778f99a6ac85,21213,0.11672169032684054,True,0.4946351931330472,0.21794871794871795,0.8676476309875264,0.9925452609158679,0.8082793709528214,1.3049645390070923,0.6146352918866357
benign (288).png,benign,datasets/Breast-Cancer-Ultrasound-Images-Dataset/Dataset_BUSI_with_GT\benign\benign (288).png,benign (288),463,390,1.1871794871794872,RGB,1,111.54710084731683,39.35352060661413,0,255,52.0,183.0,f22eef33ded16988177b464c28002a9f,9cf02325c70f2fb2,6689,0.03704380572631113,True,0.4330453563714903,0.2358974358974359,0.5425461792440859,0.9775508671822208,0.7815126050420168,3.4693877551020407,0.9581217245898985
benign (289).png,benign,datasets/Breast-Cancer-Ultrasound-Images-Dataset/Dataset_BUSI_with_GT\benign\benign (289).png,benign (289),468,393,1.1908396946564885,RGB,1,103.3095898305822,61.82547069900816,0,255,17.0,205.0,162d35b02a91074f443b4552e51cf0ca,9cda6135da16b4ca,18869,0.10259128770579153,True,0.5555555555555556,0.24173027989821882,0.646649153494098,0.9872608084078665,0.7545130015009534,2.515151515151515,0.9209208351974861
benign (29).png,benign,datasets/Breast-Cancer-Ultrasound-Images-Dataset/Dataset_BUSI_with_GT\benign\benign (29).png,benign (29),561,462,1.2142857142857142,RGB,1,56.165574769852846,51.7016418208921,0,255,1.0,151.0,a768fe588a550b2d2b55b298236d1845,c8f3b798c0d43ec4,1415,0.005459484069109738,True,0.22103386809269163,0.31277056277056275,0.802857693726504,0.979295314202688,0.8259803921568627,1.59375,0.7172885454977919
benign (290).png,benign,datasets/Breast-Cancer-Ultrasound-Images-Dataset/Dataset_BUSI_with_GT\benign\benign (290).png,benign (290),465,389,1.1953727506426735,RGB,1,75.02483898609614,45.61091152358262,0,255,12.0,161.0,fcbca69d070a29564469ce244b836de2,bde1428acadcb8b4,23937,0.13233269757027946,True,0.4344086021505376,0.2506426735218509,0.6801897344200333,0.9886069069320177,0.7077795737547893,2.0390625,0.9101880770000563
benign (291).png,benign,datasets/Breast-Cancer-Ultrasound-Images-Dataset/Dataset_BUSI_with_GT\benign\benign (291).png,benign (291),462,404,1.1435643564356435,RGB,1,72.85609810981099,54.78600929654483,0,255,1.0,170.0,a837f2b510047b619b53c8a5f38708b7,c5bb3a4884e6e3b1,2070,0.01109039475376109,True,0.4231601731601732,0.2784653465346535,0.8493562468761755,0.9800982800982802,0.7554924242424242,1.3636363636363635,0.6931035782411326
benign (292).png,benign,datasets/Breast-Cancer-Ultrasound-Images-Dataset/Dataset_BUSI_with_GT\benign\benign (292).png,benign (292),460,391,1.1764705882352942,RGB,1,80.70405871233181,51.11766490875849,0,255,13.0,172.0,d2d0a30becde4f8dfd663b1beca75d22,88f87567d284ecc9,7267,0.04040364728121872,True,0.2217391304347826,0.36061381074168797,0.6307630619064283,0.9769363166953529,0.7758337889557135,2.6271186440677967,0.9292541899373851
benign (293).png,benign,datasets/Breast-Cancer-Ultrasound-Images-Dataset/Dataset_BUSI_with_GT\benign\benign (293).png,benign (293),473,389,1.2159383033419022,RGB,1,80.98092360201525,51.12210869106279,0,255,14.0,172.0,4b83a3901fd3a341941e5a2a94908923,88f87567d084eccd,7486,0.04068544595835802,True,0.22832980972515857,0.36632390745501286,0.6489586424013623,0.9844517735747459,0.7966230936819172,2.55,0.9305327515632367
benign (294).png,benign,datasets/Breast-Cancer-Ultrasound-Images-Dataset/Dataset_BUSI_with_GT\benign\benign (294).png,benign (294),469,394,1.1903553299492386,RGB,1,77.5360525148009,51.34168948783909,0,255,17.0,176.0,6ae52b3ef743b1ced3020584aaf939fc,c1e8ff7e3e8884c0,13962,0.0755576721180176,True,0.7089552238805971,0.5431472081218274,0.6297362570718208,0.9848278335724534,0.704965595152511,2.3516483516483517,0.9240612790700466
benign (295).png,benign,datasets/Breast-Cancer-Ultrasound-Images-Dataset/Dataset_BUSI_with_GT\benign\benign (295).png,benign (295),472,387,1.2196382428940569,RGB,1,121.23541037095433,46.180584197264935,0,255,56.0,209.0,30f637a623602789cecb06a4d7e55254,9ae22dcd30c0df8b,10033,0.054925984320938995,True,0.4523305084745763,0.47416020671834624,0.6361871092204112,0.9875972884760231,0.7775142314990512,2.735294117647059,0.928960649687853
benign (296).png,benign,datasets/Breast-Cancer-Ultrasound-Images-Dataset/Dataset_BUSI_with_GT\benign\benign (296).png,benign (296),503,328,1.5335365853658536,RGB,1,85.67304708335354,47.17540549570611,0,255,23.0,176.0,04b7684f3b54fa255b1eda2adfdff8a1,f9a00e1acb96ed61,21775,0.13198249527226882,True,0.5268389662027833,0.21951219512195122,0.5500200101080917,0.981989610270728,0.7503059975520195,3.168421052631579,0.9534247609521457
benign (297).png,benign,datasets/Breast-Cancer-Ultrasound-Images-Dataset/Dataset_BUSI_with_GT\benign\benign (297).png,benign (297),467,390,1.1974358974358974,RGB,1,83.5585076593642,62.169060803949456,0,255,9.0,196.0,f7ccb6d4ff9bc0e0583ed0d4574e8000,c6ec3b1b499598e4,5433,0.029830340965244607,True,0.5492505353319058,0.20384615384615384,0.7840327859758528,0.9853337046319502,0.7180059523809523,1.696969696969697,0.8042407507442363
benign (298).png,benign,datasets/Breast-Cancer-Ultrasound-Images-Dataset/Dataset_BUSI_with_GT\benign\benign (298).png,benign (298),466,391,1.1918158567774937,RGB,1,88.3151048812882,50.80974957569957,0,255,19.0,182.0,dfdd9be506f0c6eecfdd181d0e33c504,c8a33c5c42e9ba97,9144,0.05018495548993996,True,0.2092274678111588,0.4424552429667519,0.7611127957021545,0.9890267438654535,0.8201938906164258,1.844155844155844,0.8229277368722355
benign (299).png,benign,datasets/Breast-Cancer-Ultrasound-Images-Dataset/Dataset_BUSI_with_GT\benign\benign (299).png,benign (299),463,392,1.1811224489795917,RGB,1,88.25765857098779,64.15437553879231,0,255,13.0,209.0,9fe68cd2b6a6d1e91198d753f8700d3c,e696fb6b25088c9c,10530,0.058017807554987436,True,0.2732181425485961,0.3380102040816326,0.6391797463204272,0.9718720602069614,0.6522095959595959,1.9555555555555555,0.9185407343357445
benign (3).png,benign,datasets/Breast-Cancer-Ultrasound-Images-Dataset/Dataset_BUSI_with_GT\benign\benign (3).png,benign (3),558,471,1.1847133757961783,RGB,1,113.44797540503313,59.42222892574904,0,255,23.0,210.0,0a1273ea3f74e4799c822d7ef9428c12,9ce93b164549e9d2,7022,0.02671810910972612,True,0.692652329749104,0.3821656050955414,0.695173836545939,0.9768683274021353,0.7322343149807938,1.8591549295774648,0.8675687536554563
benign (30).png,benign,datasets/Breast-Cancer-Ultrasound-Images-Dataset/Dataset_BUSI_with_GT\benign\benign (30).png,benign (30),557,462,1.2056277056277056,RGB,1,65.06725500711138,56.00073892563072,0,255,1.0,169.0,20a973179474ff94b5abade4f25c8ad9,a0a0f95fce8ec2c6,3621,0.014071207069411737,True,0.37971274685816875,0.18073593073593072,0.8713781286580979,0.9868273542600897,0.7845365418894831,0.9705882352941176,0.40995673394946647
benign (300).png,benign,datasets/Breast-Cancer-Ultrasound-Images-Dataset/Dataset_BUSI_with_GT\benign\benign (300).png,benign (300),463,387,1.1963824289405685,RGB,1,96.39037063081466,45.18299821410234,0,255,35.0,180.0,739b3ab00fc01ac991a95ec0d69d31d5,a2bacdcda13826b3,17160,0.09576908265943376,True,0.37365010799136067,0.3682170542635659,0.7932782992300019,0.9890488567006396,0.7474399717514124,1.3828125,0.7375038192652275
benign (301).png,benign,datasets/Breast-Cancer-Ultrasound-Images-Dataset/Dataset_BUSI_with_GT\benign\benign (301).png,benign (301),463,383,1.2088772845953002,RGB,1,76.87072616436116,56.413228589472446,0,255,12.0,180.0,acc1fcaa82c5d98edf131549857dd468,f6d688b10149eafa,893,0.0050358373418899335,True,0.896328293736501,0.1919060052219321,0.8189636959170467,0.9762042948345908,0.7889305816135085,1.5769230769230769,0.7674623076065396
benign (302).png,benign,datasets/Breast-Cancer-Ultrasound-Images-Dataset/Dataset_BUSI_with_GT\benign\benign (302).png,benign (302),466,390,1.1948717948717948,RGB,1,120.48516562121712,39.461325343948204,0,255,65.0,194.0,63655222abe8b8cb393507a9911d3fed,8efc20625bce378a,2786,0.01532959172444151,True,0.20386266094420602,0.441025641025641,0.7848974609979636,0.9799927246271372,0.7330612244897959,1.530612244897959,0.8204131401746106
benign (303).png,benign,datasets/Breast-Cancer-Ultrasound-Images-Dataset/Dataset_BUSI_with_GT\benign\benign (303).png,benign (303),463,398,1.1633165829145728,RGB,1,58.535251853218575,53.73575887152875,0,255,1.0,158.0,cf21ae104341ce16bf700e1ebce78908,94a26b5bdca45c9c,9377,0.05088618036185246,True,0.458963282937365,0.17462311557788945,0.7395673447772293,0.9779571891432517,0.6605912743972445,1.2884615384615385,0.8151509378579446
benign (304).png,benign,datasets/Breast-Cancer-Ultrasound-Images-Dataset/Dataset_BUSI_with_GT\benign\benign (304).png,benign (304),467,387,1.20671834625323,RGB,1,102.6013257418566,52.55270940291698,0,255,20.0,185.0,6589725a4de080e5e11cf5bf74a53f8d,d8a0164ad9f547ad,19804,0.10957842958241344,True,0.4678800856531049,0.28552971576227393,0.5995472098374194,0.9622060056210247,0.7430132500761498,2.7346938775510203,0.9442919450888553
benign (305).png,benign,datasets/Breast-Cancer-Ultrasound-Images-Dataset/Dataset_BUSI_with_GT\benign\benign (305).png,benign (305),466,389,1.1979434447300772,RGB,1,85.84027494290412,40.79442496583269,0,255,33.0,164.0,7c3099488f87b06fc6f1afe8ae6f22e3,ec829938bbf780cc,4186,0.02309211469929499,True,0.5697424892703863,0.22879177377892032,0.670946124294574,0.9767945172538175,0.709643605870021,2.0377358490566038,0.8998260836198321
benign (306).png,benign,datasets/Breast-Cancer-Ultrasound-Images-Dataset/Dataset_BUSI_with_GT\benign\benign (306).png,benign (306),471,386,1.2202072538860103,RGB,1,88.60741119655017,57.14158630662245,0,255,10.0,187.0,e396a12b2256a4186b81eee94ef256a4,d0962e69a66a7aca,10146,0.05580673905151645,True,0.5764331210191083,0.405440414507772,0.4558035475032172,0.9525526391693107,0.6390286377708978,3.3529411764705883,0.9687227333969818
benign (307).png,benign,datasets/Breast-Cancer-Ultrasound-Images-Dataset/Dataset_BUSI_with_GT\benign\benign (307).png,benign (307),775,587,1.3202725724020443,RGB,1,84.0846161455185,55.06578077855394,0,248,6.0,182.0,f6ed9063524e191419c4467ac2046493,a5bd5aa2e2c5858e,12040,0.026465900972687806,True,0.24645161290322581,0.2402044293015332,0.5430132508597552,0.9760634999379884,0.6400108430468961,2.552941176470588,0.9465549812237081
benign (308).png,benign,datasets/Breast-Cancer-Ultrasound-Images-Dataset/Dataset_BUSI_with_GT\benign\benign (308).png,benign (308),552,468,1.1794871794871795,RGB,1,90.9039313142574,49.75001547465805,0,255,15.0,172.0,440cb571dc11b6b53ae056403fe4ee87,cbbb74b0a4c9178c,4201,0.01626176762046327,True,0.509963768115942,0.2232905982905983,0.6918113513169076,0.9566033309875674,0.7139355742296919,1.8214285714285714,0.8927843303333566
benign (309).png,benign,datasets/Breast-Cancer-Ultrasound-Images-Dataset/Dataset_BUSI_with_GT\benign\benign (309).png,benign (309),769,487,1.5790554414784395,RGB,1,53.50409476025559,45.216009133911506,0,255,7.0,145.0,64428c2bb0ce98302d933a3edca7b511,feefc5e0808391c6,63198,0.1687516521897021,True,0.5214564369310793,0.5790554414784395,0.46995785325183936,0.9745517370190512,0.6703819098705553,3.5153374233128836,0.9618867266319693
benign (31).png,benign,datasets/Breast-Cancer-Ultrasound-Images-Dataset/Dataset_BUSI_with_GT\benign\benign (31).png,benign (31),557,467,1.1927194860813704,RGB,1,103.8378011602382,53.48986514190101,0,255,24.0,195.0,f644854d06dae3b14a48cb59a33e2497,ebb0501707d39fc1,1610,0.006189474817295161,True,0.3303411131059246,0.14989293361884368,0.7761292064296781,0.9701069855254877,0.7750125691302162,1.3076923076923077,0.6436249549711893
benign (310).png,benign,datasets/Breast-Cancer-Ultrasound-Images-Dataset/Dataset_BUSI_with_GT\benign\benign (310).png,benign (310),544,468,1.1623931623931625,RGB,1,48.910173925339365,47.82578061543962,0,255,1.0,150.0,6f879332b5a3f9290f1d0b1af9827436,ecfc8989cc86969a,18371,0.07215859100050276,True,0.5716911764705882,0.1452991452991453,0.4223584431827251,0.9285935005407633,0.7442930856553147,4.306666666666667,0.9759552139306457
benign (311).png,benign,datasets/Breast-Cancer-Ultrasound-Images-Dataset/Dataset_BUSI_with_GT\benign\benign (311).png,benign (311),549,496,1.1068548387096775,RGB,1,57.25979420059933,34.49097674126006,0,255,11.0,123.0,201af2671eaa301b0ea1c4460e429be2,edf5b6a0828aca8e,38994,0.14320024678300722,True,0.4098360655737705,0.17036290322580644,0.5068939559604669,0.9573324395118742,0.6543017138978449,2.9225352112676055,0.9526704000091584
benign (312).png,benign,datasets/Breast-Cancer-Ultrasound-Images-Dataset/Dataset_BUSI_with_GT\benign\benign (312).png,benign (312),552,490,1.126530612244898,RGB,1,74.86339100857734,66.82044032192366,0,255,1.0,198.0,b0e7296cd47c1ba65aa3e177ef993f47,b69bcbccccb22324,39724,0.1468648328896776,True,0.2871376811594203,0.28061224489795916,0.7287411291198311,0.9898476518763603,0.8823225980084327,2.211267605633803,0.8760363661857551
benign (313).png,benign,datasets/Breast-Cancer-Ultrasound-Images-Dataset/Dataset_BUSI_with_GT\benign\benign (313).png,benign (313),555,468,1.185897435897436,RGB,1,50.37851697851698,42.39181728596242,0,234,7.0,135.0,e969d5384d37fd7d047a7bb11a90086b,cd853232cfe3c998,5349,0.020593670593670593,True,0.4846846846846847,0.44337606837606836,0.5098642607771016,0.9616097922848664,0.6969086021505376,3.2291666666666665,0.9496133791621076
benign (314).png,benign,datasets/Breast-Cancer-Ultrasound-Images-Dataset/Dataset_BUSI_with_GT\benign\benign (314).png,benign (314),554,493,1.1237322515212982,RGB,1,68.08908106999802,38.50860306958782,0,255,19.0,144.0,dc069756adfaf24c19c732eb64e092e4,b0e78f8e52486376,17929,0.06564465696648385,True,0.24458483754512636,0.22616632860040567,0.5338633096390308,0.9309853581321725,0.5862739234449761,2.3157894736842106,0.9417704461207368
benign (315).png,benign,datasets/Breast-Cancer-Ultrasound-Images-Dataset/Dataset_BUSI_with_GT\benign\benign (315).png,benign (315),551,470,1.172340425531915,RGB,2,55.44119009923929,42.21909348567698,0,217,5.0,135.0,a13a2bd63f3630387bf32baa0ae925af,fb8864969aa18bcb,8256,0.03188014055682125,True,0.43738656987295826,0.15319148936170213,0.570347220018083,0.9680066479692532,0.7096405726469692,2.7346938775510203,0.9297217504615518
benign (316).png,benign,datasets/Breast-Cancer-Ultrasound-Images-Dataset/Dataset_BUSI_with_GT\benign\benign (316).png,benign (316),550,469,1.1727078891257996,RGB,1,100.04720294630742,53.409756656018835,0,255,18.0,184.0,d5d0df92cac7abfa7e60de55da749aad,c5cd3d90e87c1e83,91164,0.353417328939717,True,0.5009090909090909,0.30597014925373134,0.6010691812068032,0.9691505702648748,0.6986072530864198,2.25,0.9256364276122505
benign (317).png,benign,datasets/Breast-Cancer-Ultrasound-Images-Dataset/Dataset_BUSI_with_GT\benign\benign (317).png,benign (317),551,491,1.1221995926680244,RGB,1,84.95268369674098,51.09609416977949,0,255,19.0,181.0,aef883541d7067def659cba2f9c47e98,dcf1a1831ad6c6c6,22289,0.0823867731693163,True,0.2912885662431942,0.1924643584521385,0.4739524986748816,0.9564648973722055,0.5512356841470766,2.507936507936508,0.9722719434554825
benign (318).png,benign,datasets/Breast-Cancer-Ultrasound-Images-Dataset/Dataset_BUSI_with_GT\benign\benign (318).png,benign (318),554,465,1.1913978494623656,RGB,1,133.70513955203603,57.71189377172583,0,255,35.0,225.0,bb75ade674c7d161d2f8465909179e98,d4e80bc734c5eaa3,1041,0.004040992197507861,True,0.5550541516245487,0.3172043010752688,0.7555896093997455,0.9874118831822759,0.8511284722222222,2.0,0.8355341214937179
benign (319).png,benign,datasets/Breast-Cancer-Ultrasound-Images-Dataset/Dataset_BUSI_with_GT\benign\benign (319).png,benign (319),560,467,1.1991434689507494,RGB,1,129.32805139186294,53.34291663549348,0,255,44.0,219.0,df221e9a32afa1e041a462872baec510,d1bc62793987c2b8,9889,0.03781355154481493,True,0.3267857142857143,0.5674518201284796,0.7317344184718632,0.9860800650274334,0.7926978681695663,2.064935064935065,0.8713684708126694
benign (32).png,benign,datasets/Breast-Cancer-Ultrasound-Images-Dataset/Dataset_BUSI_with_GT\benign\benign (32).png,benign (32),656,611,1.0736497545008183,RGB,1,61.04914474472077,33.455003599532354,0,225,20.0,127.0,034ce26d595b8f3e680d8f51e9d332e0,92a3ee4e43353c3c,48240,0.12035447686719093,True,0.3597560975609756,0.31260229132569556,0.5101742863555804,0.9809322251559016,0.7770390143068735,3.5801526717557253,0.9559263325588788
benign (320).png,benign,datasets/Breast-Cancer-Ultrasound-Images-Dataset/Dataset_BUSI_with_GT\benign\benign (320).png,benign (320),558,475,1.174736842105263,RGB,1,113.11230711186569,59.61593572459623,0,255,23.0,210.0,8b29715b39dfc4403067143f3ab0c07f,9ce93b162549e9d2,6896,0.026017732503301264,True,0.6935483870967742,0.37894736842105264,0.7330420581942253,0.9848805784822146,0.7693712199018601,1.8405797101449275,0.8544804897122029
benign (321).png,benign,datasets/Breast-Cancer-Ultrasound-Images-Dataset/Dataset_BUSI_with_GT\benign\benign (321).png,benign (321),546,467,1.1691648822269807,RGB,1,114.6122510608592,58.06317690495,0,255,24.0,209.0,f0b2988d79fb967f224f2792ea83bcd7,c897777829cf428a,804,0.0031531637527354873,True,0.5879120879120879,0.2944325481798715,0.8194920889420655,0.9849574885546108,0.847972972972973,1.5416666666666667,0.7350455370740143
benign (322).png,benign,datasets/Breast-Cancer-Ultrasound-Images-Dataset/Dataset_BUSI_with_GT\benign\benign (322).png,benign (322),555,491,1.1303462321792261,RGB,1,93.33224711473184,49.173073773183674,0,255,25.0,192.0,515ff689788fe5208ed9b47476f98e11,94e06b8fd391accc,3168,0.011625474761930973,True,0.4720720720720721,0.4409368635437882,0.8315978412223357,0.9797448165869218,0.7791730086250634,1.3518518518518519,0.6868831051691502
benign (323).png,benign,datasets/Breast-Cancer-Ultrasound-Images-Dataset/Dataset_BUSI_with_GT\benign\benign (323).png,benign (323),560,468,1.1965811965811965,RGB,1,64.99486416361417,49.3799013844866,0,255,14.0,164.0,c822a2d39d4f6db9cd7bfac8a1383a48,97aded929260616d,7445,0.028407356532356532,True,0.6767857142857143,0.28525641025641024,0.8254261477386697,0.9882831019302404,0.8067226890756303,1.5657894736842106,0.7598689020884793
benign (324).png,benign,datasets/Breast-Cancer-Ultrasound-Images-Dataset/Dataset_BUSI_with_GT\benign\benign (324).png,benign (324),626,583,1.0737564322469983,RGB,1,108.94199332525935,51.76239028406386,0,255,31.0,194.0,2d37b691ba4b0a376c8903b5494aa84a,d6f92547663e88a1,2708,0.007420031894080963,True,0.7412140575079872,0.2358490566037736,0.7970016456104457,0.9836373895053602,0.8006736068585426,1.5434782608695652,0.7477237165874407
benign (325).png,benign,datasets/Breast-Cancer-Ultrasound-Images-Dataset/Dataset_BUSI_with_GT\benign\benign (325).png,benign (325),613,583,1.0514579759862779,RGB,1,109.07957378581283,50.741282322283645,0,255,30.0,196.0,a516b4530aed14397b254e1a1a596ae7,e9a716587c26a6ca,3619,0.010126504355320263,True,0.535889070146819,0.3644939965694683,0.798842874848827,0.9829346761784865,0.7856663685152058,1.6538461538461537,0.770120429098337
benign (326).png,benign,datasets/Breast-Cancer-Ultrasound-Images-Dataset/Dataset_BUSI_with_GT\benign\benign (326).png,benign (326),754,619,1.2180936995153473,RGB,1,49.09891885174599,61.33316663075769,0,255,1.0,179.0,5cf7ca0a58774a84df41a7fdf3d4cc3c,c3f8bcc6c0b98e86,47077,0.1008664612642107,True,0.35809018567639256,0.3158319870759289,0.8092854910329691,0.989440237250437,0.7312678084979805,1.3440366972477065,0.6589333452284146
benign (327).png,benign,datasets/Breast-Cancer-Ultrasound-Images-Dataset/Dataset_BUSI_with_GT\benign\benign (327).png,benign (327),689,578,1.1920415224913494,RGB,1,103.06328815142551,57.81445931739015,0,255,2.0,201.0,bf6267d043893d2171356130af3d2cba,fe8e1fe1e18e01c1,34279,0.08607580315486564,True,0.19085631349782292,0.27768166089965396,0.8568789417974416,0.9891375569695823,0.8016024733314453,1.0808080808080809,0.5070538958952566
benign (328).png,benign,datasets/Breast-Cancer-Ultrasound-Images-Dataset/Dataset_BUSI_with_GT\benign\benign (328).png,benign (328),685,567,1.2081128747795415,RGB,1,134.10128606187,40.620869742761,0,255,72.0,207.0,c6508f20e3d31b36f01142e35b6abca8,c1a71cd82db34b66,2370,0.006102035299115591,True,0.5854014598540146,0.25485008818342153,0.6679327439720717,0.9722400170830664,0.7217818642993025,2.1842105263157894,0.8852125266995339
benign (329).png,benign,datasets/Breast-Cancer-Ultrasound-Images-Dataset/Dataset_BUSI_with_GT\benign\benign (329).png,benign (329),665,576,1.1545138888888888,RGB,1,88.0156589390142,40.53199659153917,7,246,37.0,170.0,fae5a44a66487265d78f947fd0d01f5a,a5d25e3d62c484be,2726,0.007116750208855472,True,0.5586466165413534,0.3489583333333333,0.7405469783200124,0.9838981464145291,0.8421474358974359,2.051282051282051,0.8652562871081373
benign (33).png,benign,datasets/Breast-Cancer-Ultrasound-Images-Dataset/Dataset_BUSI_with_GT\benign\benign (33).png,benign (33),556,468,1.188034188034188,RGB,1,82.24802465719732,56.112620503470254,0,255,1.0,182.0,2d298c4c096f9e5ae8f9fb9b6579a124,a09f1ee0e1e15a9d,15489,0.05952545655783066,True,0.23651079136690648,0.24145299145299146,0.7605708173782795,0.9875157670041075,0.7733789260385006,1.7904761904761906,0.8150196234261065
benign (330).png,benign,datasets/Breast-Cancer-Ultrasound-Images-Dataset/Dataset_BUSI_with_GT\benign\benign (330).png,benign (330),669,567,1.17989417989418,RGB,1,67.89253485815519,47.014009893621,0,243,0.0,157.0,e1a586c66b8407bab62d319c7fc56221,87f0c8cb4f653c92,51960,0.13698088436503983,True,0.5171898355754858,0.35361552028218696,0.7540413848619655,0.9904888171547153,0.7657535874506075,1.788659793814433,0.8398595679706385
benign (331).png,benign,datasets/Breast-Cancer-Ultrasound-Images-Dataset/Dataset_BUSI_with_GT\benign\benign (331).png,benign (331),695,527,1.3187855787476281,RGB,1,74.56194831610992,36.20616022041154,0,251,22.0,142.0,9733c617e94c5e58ce78553801d3980f,cd3112164ddceae3,6488,0.017713950281899718,True,0.8179856115107914,0.3425047438330171,0.7757892072333056,0.9792374189564681,0.7812192118226601,1.6571428571428573,0.8147433397918225
benign (332).png,benign,datasets/Breast-Cancer-Ultrasound-Images-Dataset/Dataset_BUSI_with_GT\benign\benign (332).png,benign (332),703,531,1.3239171374764596,RGB,1,70.4737485031865,34.99377970636564,0,251,27.0,137.0,4d16301def72b18711e4a776f532f822,8ef1760e03c4f1b9,3636,0.009740338018660945,True,0.3748221906116643,0.2966101694915254,0.8612336232148551,0.9861886160714286,0.8018375680580763,1.3103448275862069,0.6214556147022652
benign (333).png,benign,datasets/Breast-Cancer-Ultrasound-Images-Dataset/Dataset_BUSI_with_GT\benign\benign (333).png,benign (333),777,569,1.3655536028119508,RGB,1,77.53798237102279,54.121980214279176,0,255,10.0,179.0,be365dfb72d1d65742a754613d6dc679,c8e0b29f8b88e7e8,48986,0.11079972767143241,True,0.49099099099099097,0.22144112478031636,0.8494540950619774,0.9914244052656803,0.7944762216048374,1.3744075829383886,0.6836437099301966
benign (334).png,benign,datasets/Breast-Cancer-Ultrasound-Images-Dataset/Dataset_BUSI_with_GT\benign\benign (334).png,benign (334),589,426,1.3826291079812207,RGB,1,106.60263676000542,48.90842113714122,0,255,25.0,189.0,772342c13d874d9795f9d54681906dbf,84c87f9887a3e8dc,6043,0.02408394908215564,True,0.48217317487266553,0.3967136150234742,0.8471951976428813,0.9856559085981152,0.7999864627047516,1.072289156626506,0.5573762415927344
benign (335).png,benign,datasets/Breast-Cancer-Ultrasound-Images-Dataset/Dataset_BUSI_with_GT\benign\benign (335).png,benign (335),681,559,1.2182468694096602,RGB,1,44.793227364787654,30.636185308452934,0,221,9.0,102.0,6cf639524640443b906e61846043a1b2,83e69e1458d9c379,25863,0.06793912981803567,True,0.5506607929515418,0.17531305903398928,0.6907993594432263,0.9843409927001676,0.777277566539924,2.104,0.8838342971679172
benign (336).png,benign,datasets/Breast-Cancer-Ultrasound-Images-Dataset/Dataset_BUSI_with_GT\benign\benign (336).png,benign (336),783,585,1.3384615384615384,RGB,1,76.7287640130552,58.559268320136574,0,255,5.0,182.0,40f7f1797e75c45b4228e2076a5944c6,b1d45e0a98d2e3a7,18176,0.039680824355153854,True,0.6111111111111112,0.2188034188034188,0.5466576276734478,0.9780682563990374,0.6757992593152445,2.594059405940594,0.9553372444491484
benign (337).png,benign,datasets/Breast-Cancer-Ultrasound-Images-Dataset/Dataset_BUSI_with_GT\benign\benign (337).png,benign (337),555,487,1.1396303901437372,RGB,1,77.24616608394842,63.970833981372486,0,255,2.0,191.0,e34165bba57cad9bd1770508e21276b1,dcc8a3359c1726ec,7091,0.02623527017777531,True,0.7360360360360361,0.19404517453798767,0.8478033109928057,0.9840685406783262,0.7846657633242999,1.3170731707317074,0.6589288376809149
benign (338).png,benign,datasets/Breast-Cancer-Ultrasound-Images-Dataset/Dataset_BUSI_with_GT\benign\benign (338).png,benign (338),611,382,1.5994764397905759,RGB,1,106.55763446757098,54.645074673636195,0,255,30.0,202.0,5f2c2fc06ad8d013383c44c49b55623d,d4846ef0fb89891d,2462,0.010548324350262636,True,0.5368248772504092,0.13481675392670156,0.6167929895015084,0.9658765835717205,0.7059438470728794,2.5833333333333335,0.9272104983615985
benign (339).png,benign,datasets/Breast-Cancer-Ultrasound-Images-Dataset/Dataset_BUSI_with_GT\benign\benign (339).png,benign (339),557,465,1.1978494623655913,RGB,1,74.73551475840235,54.04520625097145,0,255,2.0,169.0,722e6ffec6eeb0c18e797c158c4dec3f,f1e30e9c2565b1b2,25868,0.09987451979691511,True,0.5296229802513465,0.3817204301075269,0.8358242364358764,0.989256038647343,0.7760429299054087,1.4276315789473684,0.7240981682619521
benign (34).png,benign,datasets/Breast-Cancer-Ultrasound-Images-Dataset/Dataset_BUSI_with_GT\benign\benign (34).png,benign (34),558,471,1.1847133757961783,RGB,1,104.05905227191441,64.40482511921643,0,255,21.0,221.0,6df49b205d868be7f7c2fd248690e131,81b83b67c6c5c53c,13836,0.05264479601853754,True,0.3449820788530466,0.2367303609341826,0.6344588671400624,0.9697628810839722,0.7822422917625402,2.5853658536585367,0.8930907150522412
benign (340).png,benign,datasets/Breast-Cancer-Ultrasound-Images-Dataset/Dataset_BUSI_with_GT\benign\benign (340).png,benign (340),770,425,1.811764705882353,RGB,1,74.87051489686783,46.79262852885472,0,255,9.0,161.0,f998db288e1c5a0cd8d5770702599b60,cc7213858fbc9cc9,84566,0.2584140565317036,True,0.5694805194805195,0.3611764705882353,0.6241481453281422,0.9831371562022605,0.7363400434874097,2.5377358490566038,0.9251536411314903
benign (341).png,benign,datasets/Breast-Cancer-Ultrasound-Images-Dataset/Dataset_BUSI_with_GT\benign\benign (341).png,benign (341),683,562,1.2153024911032029,RGB,1,41.82176185240956,29.639058224706293,0,211,4.0,99.0,06a6cb6e2bb4cd35fc12543507ebcd89,84b692c349d9bf8c,55940,0.1457355293529176,True,0.41215226939970717,0.2695729537366548,0.7852298717296207,0.9917646218157133,0.795782925290981,1.5233644859813085,0.8060924682659022
benign (342).png,benign,datasets/Breast-Cancer-Ultrasound-Images-Dataset/Dataset_BUSI_with_GT\benign\benign (342).png,benign (342),581,431,1.3480278422273781,RGB,1,87.9470829955553,43.47901200962608,0,255,32.0,174.0,4c832d9978d647a25664fdf7b707ccaa,916e3ccc235762b5,60194,0.24038081394187955,True,0.6867469879518072,0.3422273781902552,0.7761596380662723,0.9906504873682117,0.7839433293978748,1.7285714285714286,0.8138856445793354
benign (343).png,benign,datasets/Breast-Cancer-Ultrasound-Images-Dataset/Dataset_BUSI_with_GT\benign\benign (343).png,benign (343),564,467,1.2077087794432548,RGB,1,102.4752532385682,48.218364736976135,0,255,30.0,189.0,f509e3690d88354e0f87b9b0efffbd87,b5964bc930b4cf98,20580,0.07813567816301425,True,0.4095744680851064,0.44967880085653106,0.5924729638834322,0.979123929045493,0.7250598706079995,2.742574257425743,0.9360530214026471
benign (344).png,benign,datasets/Breast-Cancer-Ultrasound-Images-Dataset/Dataset_BUSI_with_GT\benign\benign (344).png,benign (344),576,434,1.327188940092166,RGB,1,77.3694356438812,50.78176117884355,0,255,16.0,176.0,900910506958d2090e62a96b03c7722d,ceb98110b9ffcc84,12223,0.04889512928827445,True,0.3758680555555556,0.14631336405529954,0.6016232054487567,0.9737728878242865,0.75,2.628205128205128,0.9152334519654456
benign (345).png,benign,datasets/Breast-Cancer-Ultrasound-Images-Dataset/Dataset_BUSI_with_GT\benign\benign (345).png,benign (345),566,466,1.2145922746781115,RGB,1,91.37356875293833,60.983955582154195,0,255,15.0,201.0,509724afdfcbe68d2bb36d24d5270b17,fc81036ab8b1d1cf,2492,0.00944812629854866,True,0.4134275618374558,0.37446351931330474,0.7913972704899003,0.9798370672097759,0.7489103362391034,1.6590909090909092,0.8011784525798554
benign (346).png,benign,datasets/Breast-Cancer-Ultrasound-Images-Dataset/Dataset_BUSI_with_GT\benign\benign (346).png,benign (346),610,373,1.6353887399463807,RGB,2,90.21249505559706,52.20585018595571,0,255,22.0,190.0,963c4ed97fd13f0f060194ca60ae8782,b98d42c6f6e9a981,38191,0.16785039335472246,True,0.4016393442622951,0.29624664879356566,0.793571059515263,0.9883384067881354,0.7634496546710288,1.5595238095238095,0.7793671227162078
benign (347).png,benign,datasets/Breast-Cancer-Ultrasound-Images-Dataset/Dataset_BUSI_with_GT\benign\benign (347).png,benign (347),605,683,0.8857979502196194,RGB,1,71.27815543966216,42.168566232429015,0,255,19.0,158.0,1f50a97843cbf3acdd26dfbfeabc1a81,9598e862064f57d7,6176,0.014946214440424476,True,0.3578512396694215,0.19765739385065886,0.6782568449882498,0.9727874677002584,0.7734334874165383,2.23728813559322,0.888301712957802
benign (348).png,benign,datasets/Breast-Cancer-Ultrasound-Images-Dataset/Dataset_BUSI_with_GT\benign\benign (348).png,benign (348),1028,565,1.8194690265486726,RGB,1,104.58402431045764,61.050869028552896,0,255,13.0,199.0,441bb53f9024fc5a8afaf3a9704fedc7,d595ee1ae8a4e226,8081,0.013913088392272994,True,0.5321011673151751,0.3380530973451327,0.611998569747173,0.9778974739970282,0.7363636363636363,2.5384615384615383,0.9283812113774029
benign (349).png,benign,datasets/Breast-Cancer-Ultrasound-Images-Dataset/Dataset_BUSI_with_GT\benign\benign (349).png,benign (349),555,471,1.178343949044586,RGB,1,77.3036322947151,66.1459270173922,0,255,9.0,200.0,2c13fa480de497f0e16128a2785690b3,91d5fc3e3c3c0d81,4667,0.017853522312121037,True,0.2810810810810811,0.08174097664543524,0.6875110177228163,0.9787440656020716,0.8076032763532763,2.4375,0.9071212222974248
benign (35).png,benign,datasets/Breast-Cancer-Ultrasound-Images-Dataset/Dataset_BUSI_with_GT\benign\benign (35).png,benign (35),556,476,1.1680672268907564,RGB,1,76.81454416298894,51.182181792981204,0,255,14.0,173.0,126807b49d8cbc3f77f4761389153593,d8dfa7e2e0809e8c,3049,0.011520615440420772,True,0.18165467625899281,0.26785714285714285,0.715959651415198,0.9749917191122889,0.7849333333333334,1.5,0.7481720845343756
benign (350).png,benign,datasets/Breast-Cancer-Ultrasound-Images-Dataset/Dataset_BUSI_with_GT\benign\benign (350).png,benign (350),786,580,1.3551724137931034,RGB,1,111.29183337720453,46.09942677778424,0,249,37.0,190.0,99948d531568e936881e4e389184b371,89e51a9aeda17196,61134,0.13410107923137668,True,0.5337150127226463,0.3646551724137931,0.8121911633066351,0.9915068761637212,0.7878166528239202,1.5357142857142858,0.7799470736196678
benign (351).png,benign,datasets/Breast-Cancer-Ultrasound-Images-Dataset/Dataset_BUSI_with_GT\benign\benign (351).png,benign (351),585,429,1.3636363636363635,RGB,1,109.4771143386528,61.832378324056634,0,255,15.0,203.0,c53152c31ebb13d6002aa74944de8846,e09d3e6658999ba4,6786,0.02703962703962704,True,0.5658119658119658,0.5955710955710956,0.8396894370130755,0.9835046970929803,0.7537414965986394,1.25,0.7113271936503108
benign (352).png,benign,datasets/Breast-Cancer-Ultrasound-Images-Dataset/Dataset_BUSI_with_GT\benign\benign (352).png,benign (352),573,428,1.338785046728972,RGB,1,82.46007649524554,53.22078034969522,0,255,12.0,175.0,2eb312a8f0807f936ba48ae9a83bb055,e0acbfdd1312581b,2607,0.010630229485736654,True,0.6308900523560209,0.1588785046728972,0.7386266860996733,0.9772683116378473,0.7189822755860492,1.2452830188679245,0.7511664997139853
benign (353).png,benign,datasets/Breast-Cancer-Ultrasound-Images-Dataset/Dataset_BUSI_with_GT\benign\benign (353).png,benign (353),680,583,1.1663807890222984,RGB,1,85.28961002926042,62.22889858254416,0,255,8.0,203.0,7205e4245c302f63af02d811f6fe1888,dbda202925b5b4f1,4479,0.011298052668751892,True,0.3830882352941177,0.25728987993138935,0.5643135666626169,0.969158565202816,0.7300505050505051,2.933333333333333,0.9485132940565849
benign (354).png,benign,datasets/Breast-Cancer-Ultrasound-Images-Dataset/Dataset_BUSI_with_GT\benign\benign (354).png,benign (354),606,605,1.0016528925619834,RGB,1,81.09839620325668,57.554123559371625,0,255,9.0,182.0,589b3278200fff3979caaf8373ea96cb,bcd0c34f99bbb060,32629,0.08899708152633445,True,0.48514851485148514,0.315702479338843,0.7184777463726633,0.9874323456563618,0.7706001670445054,1.993103448275862,0.8898884603520466
benign (355).png,benign,datasets/Breast-Cancer-Ultrasound-Images-Dataset/Dataset_BUSI_with_GT\benign\benign (355).png,benign (355),675,562,1.201067615658363,RGB,1,39.54991959931462,35.356698936334105,0,228,6.0,111.0,df3c1f106a42d85d556b98abe4cfcf19,95b462cbc341c5bd,53908,0.14210623434822722,True,0.42962962962962964,0.2277580071174377,0.7176872119535329,0.9906884954276344,0.8537005988023952,2.245508982035928,0.8945345793295038
benign (356).png,benign,datasets/Breast-Cancer-Ultrasound-Images-Dataset/Dataset_BUSI_with_GT\benign\benign (356).png,benign (356),556,468,1.188034188034188,RGB,1,61.58817561335547,50.054787855484975,0,255,9.0,166.0,9bc947e2a23e5d8070c9295340753700,9dbdf4e6caca8180,38618,0.14841203959908997,True,0.41636690647482016,0.1891025641025641,0.6889140370766564,0.9901340066032239,0.8295691226243166,2.420289855072464,0.9021367899511378
benign (357).png,benign,datasets/Breast-Cancer-Ultrasound-Images-Dataset/Dataset_BUSI_with_GT\benign\benign (357).png,benign (357),581,429,1.3543123543123543,RGB,1,87.81662112987414,45.509628570126516,0,240,18.0,168.0,fa2cd67736332ff85cb5a8bc93c4c004,ecb145cf9a3390cc,9506,0.03813856825905019,True,0.4380378657487091,0.38694638694638694,0.7041156706025409,0.9874490282264471,0.7787337119946542,2.2465753424657535,0.8751273601376988
benign (358).png,benign,datasets/Breast-Cancer-Ultrasound-Images-Dataset/Dataset_BUSI_with_GT\benign\benign (358).png,benign (358),555,467,1.1884368308351179,RGB,1,64.21096128248162,58.70502853460958,0,255,6.0,179.0,a1439d761340a621cf7fd92b80cfd9f2,e2849de86963e2d6,11560,0.04460134652854139,True,0.5126126126126126,0.38008565310492504,0.6832888700418643,0.9800655850880221,0.7089263420724095,1.9777777777777779,0.8862696282725241
benign (359).png,benign,datasets/Breast-Cancer-Ultrasound-Images-Dataset/Dataset_BUSI_with_GT\benign\benign (359).png,benign (359),567,462,1.2272727272727273,RGB,1,111.10535819265978,64.12132287108659,0,255,22.0,211.0,a79395b825d4e6a51f41df3d4288804e,e2ac1d15d26a2ad7,4408,0.016827381906746985,True,0.4691358024691358,0.30735930735930733,0.742448729661673,0.9872163998617989,0.800373482726424,2.0588235294117645,0.8522806553172603
benign (36).png,benign,datasets/Breast-Cancer-Ultrasound-Images-Dataset/Dataset_BUSI_with_GT\benign\benign (36).png,benign (36),526,474,1.109704641350211,RGB,1,68.55007540389212,48.09033915352377,0,255,1.0,157.0,f107dab50cabdb88aed68642b84e9a5f,88e19d1e62a99e5e,25483,0.10220837143636392,True,0.5199619771863118,0.5189873417721519,0.8391785120839104,0.9890899101291158,0.845738255033557,1.342281879194631,0.6276553193724342
benign (360).png,benign,datasets/Breast-Cancer-Ultrasound-Images-Dataset/Dataset_BUSI_with_GT\benign\benign (360).png,benign (360),683,574,1.1898954703832754,RGB,1,48.01702623698481,43.162787858669056,0,255,5.0,136.0,cdea028d422b61aa94a78866eb9eeac7,cde5b31252567616,15841,0.04040638503017534,True,0.678623718887262,0.1951219512195122,0.8686790978577109,0.9892092022404354,0.8040123456790124,1.0666666666666667,0.38697212733005715
benign (361).png,benign,datasets/Breast-Cancer-Ultrasound-Images-Dataset/Dataset_BUSI_with_GT\benign\benign (361).png,benign (361),558,470,1.1872340425531915,RGB,1,107.8651567147106,53.32145513038164,0,255,28.0,200.0,ab15c1e8b2678d70d3e3c250288139c0,ec941bcb3437c199,20689,0.07888736368489285,True,0.460573476702509,0.42340425531914894,0.5954302795248914,0.970216713847325,0.7252213805611863,2.650485436893204,0.9369906324223282
benign (362).png,benign,datasets/Breast-Cancer-Ultrasound-Images-Dataset/Dataset_BUSI_with_GT\benign\benign (362).png,benign (362),557,464,1.2004310344827587,RGB,1,95.01074490806661,53.35302106575707,0,255,23.0,195.0,6d77304668253adedbf3f95b3a0a1469,c3d93d06c291d9c7,3296,0.012753048969231722,True,0.36894075403949733,0.4224137931034483,0.7084399454292163,0.9822804314329738,0.7535460992907801,1.9148936170212767,0.8558035583067191
benign (363).png,benign,datasets/Breast-Cancer-Ultrasound-Images-Dataset/Dataset_BUSI_with_GT\benign\benign (363).png,benign (363),586,433,1.3533487297921478,RGB,1,111.62706019595015,59.986623100568295,0,255,21.0,200.0,a12bf4735c303b3c28e9e7d81ee79670,d4ad2b4947769689,5341,0.021049271295588364,True,0.515358361774744,0.42494226327944573,0.6078303149570824,0.9796168726998207,0.7732012513034411,2.795918367346939,0.9379356080272236
benign (364).png,benign,datasets/Breast-Cancer-Ultrasound-Images-Dataset/Dataset_BUSI_with_GT\benign\benign (364).png,benign (364),557,465,1.1978494623655913,RGB,1,85.36155672670412,69.53682716875674,0,255,9.0,208.0,9ccc2731150eb3426e6e01b7cc2e8631,8c80f27dcdce4ab2,13366,0.05160518136715508,True,0.41741472172351884,0.23655913978494625,0.7167055732473642,0.9866456598394479,0.777705499704317,2.134831460674157,0.8598318793665589
benign (365).png,benign,datasets/Breast-Cancer-Ultrasound-Images-Dataset/Dataset_BUSI_with_GT\benign\benign (365).png,benign (365),582,431,1.3503480278422273,RGB,1,95.32698670876488,45.558829959203635,0,255,25.0,175.0,fa6f8b59b4abe87b3d92530e378fb544,a7da5c07b3b0708d,7856,0.031318519227242644,True,0.33591065292096217,0.37935034802784223,0.7713664488404953,0.986858131931534,0.7977819237147595,1.8611111111111112,0.8434673877922861
benign (366).png,benign,datasets/Breast-Cancer-Ultrasound-Images-Dataset/Dataset_BUSI_with_GT\benign\benign (366).png,benign (366),562,463,1.2138228941684666,RGB,1,115.68632160672698,60.97606105839627,0,255,33.0,212.0,4fbdd53ce06b4e451231c14b162f8959,e5a45c588be331f4,18429,0.07082465431235252,True,0.5400355871886121,0.28725701943844495,0.7305947527440558,0.9844058802826434,0.7399470899470899,1.794871794871795,0.8748842781949725
benign (367).png,benign,datasets/Breast-Cancer-Ultrasound-Images-Dataset/Dataset_BUSI_with_GT\benign\benign (367).png,benign (367),560,462,1.2121212121212122,RGB,1,107.10792362399505,49.59312703293163,0,255,32.0,196.0,2ec617c913953d0ce79d0a7e7ac49af3,dfe408a8d3c722cb,33369,0.12897727272727272,True,0.4767857142857143,0.6212121212121212,0.5349659783362486,0.9814062197609158,0.8043239550035383,3.5794392523364484,0.946252150150452
benign (368).png,benign,datasets/Breast-Cancer-Ultrasound-Images-Dataset/Dataset_BUSI_with_GT\benign\benign (368).png,benign (368),689,575,1.1982608695652175,RGB,1,50.271294251277844,33.44776915275252,0,229,13.0,117.0,7586c5612c6712752c3566ab256c0844,9284c54f63d32d3d,7759,0.019584779453524326,True,0.2706821480406386,0.25130434782608696,0.7873921342070641,0.9824278054137864,0.7664818548387097,1.55,0.7898539414135043
benign (369).png,benign,datasets/Breast-Cancer-Ultrasound-Images-Dataset/Dataset_BUSI_with_GT\benign\benign (369).png,benign (369),772,581,1.3287435456110155,RGB,1,92.96742038472172,67.77001379298648,0,255,6.0,214.0,49c64d468050ceb1aa9650cdc16fe7fc,f0d3b6af2d2c4870,5344,0.011914423051198131,True,0.37176165803108807,0.29001721170395867,0.8024787965966595,0.9816591422121896,0.7381188118811881,1.4428571428571428,0.7368167358898292
benign (37).png,benign,datasets/Breast-Cancer-Ultrasound-Images-Dataset/Dataset_BUSI_with_GT\benign\benign (37).png,benign (37),557,468,1.1901709401709402,RGB,1,39.76779603799353,47.66714852171022,0,255,1.0,149.0,ad74f189ac5bc8368805fb4f96557a13,eea8b19786869393,4498,0.01725513664472372,True,0.400359066427289,0.2297008547008547,0.7935191919950788,0.9723548351282336,0.7485470085470085,0.9615384615384616,0.5012578988062613
benign (370).png,benign,datasets/Breast-Cancer-Ultrasound-Images-Dataset/Dataset_BUSI_with_GT\benign\benign (370).png,benign (370),549,458,1.1986899563318778,RGB,1,72.70302495207642,53.017240314226385,0,255,4.0,169.0,27d105ee2be6751846437e41325104f9,e8e5179e8ac4e2b1,39306,0.156322332784499,True,0.5965391621129326,0.3034934497816594,0.7733676574240321,0.990819271899597,0.7453987143185122,1.6312849162011174,0.8051297586210271
benign (371).png,benign,datasets/Breast-Cancer-Ultrasound-Images-Dataset/Dataset_BUSI_with_GT\benign\benign (371).png,benign (371),756,589,1.2835314091680814,RGB,1,107.27290897494633,61.45443189421116,0,255,11.0,211.0,71b015a3b0579c97bc55417ec84b0c38,eda4929b161aeca5,82703,0.18573090432173625,True,0.7354497354497355,0.5237691001697793,0.7836434385111333,0.9901519668961529,0.7724419216600256,0.7526595744680851,0.759364288948776
benign (372).png,benign,datasets/Breast-Cancer-Ultrasound-Images-Dataset/Dataset_BUSI_with_GT\benign\benign (372).png,benign (372),544,469,1.159914712153518,RGB,1,111.51301266775367,65.92658804756692,0,255,21.0,212.0,d186b4d2be339f1b3057d2b522bc4f72,b4b2434d8cbc3ab3,19410,0.07607707262009282,True,0.39338235294117646,0.30383795309168443,0.7179933538308109,0.9545986892925669,0.702556484741784,1.6640625,0.8287527383166877
benign (373).png,benign,datasets/Breast-Cancer-Ultrasound-Images-Dataset/Dataset_BUSI_with_GT\benign\benign (373).png,benign (373),555,457,1.214442013129103,RGB,1,86.53160644232854,69.07029972317946,0,255,8.0,210.0,d15e8a883e4cbd67f7f0a0f4ed3af1f4,f3b08c4e0e3bb1a6,10234,0.040349320874484985,True,0.35495495495495494,0.36980306345733044,0.7996970513329875,0.9843451885915562,0.7460511679644048,1.5591397849462365,0.7762792675160308
benign (374).png,benign,datasets/Breast-Cancer-Ultrasound-Images-Dataset/Dataset_BUSI_with_GT\benign\benign (374).png,benign (374),544,468,1.1623931623931625,RGB,1,117.99939903846153,68.11566536605224,0,255,20.0,224.0,e75534a7df990792939a25c1e7bb39ff,b8d06b37162f9199,1415,0.005557912267471091,True,0.3428308823529412,0.22863247863247863,0.6608979396884194,0.9767103347889374,0.7530864197530864,2.4444444444444446,0.9011391742895798
benign (375).png,benign,datasets/Breast-Cancer-Ultrasound-Images-Dataset/Dataset_BUSI_with_GT\benign\benign (375).png,benign (375),775,571,1.3572679509632224,RGB,1,103.22405965764646,54.038680675778416,0,255,18.0,192.0,9422ddbdd30dc705f12cfef77069cce3,8db65accef1821a6,31590,0.07138579741257556,True,0.4341935483870968,0.30122591943957966,0.7057699927633749,0.9824495247073611,0.7046202389001578,1.8954248366013071,0.8829321086758014
benign (376).png,benign,datasets/Breast-Cancer-Ultrasound-Images-Dataset/Dataset_BUSI_with_GT\benign\benign (376).png,benign (376),546,467,1.1691648822269807,RGB,1,78.48623824426822,58.67509085026518,0,255,13.0,195.0,85e046112280e3391c67306de82076ab,e1e39e9c3e0acac1,58864,0.23085551136943,True,0.5695970695970696,0.36295503211991437,0.8374312742375989,0.9910725640308263,0.8124687239366138,1.4863636363636363,0.7438706704659245
benign (377).png,benign,datasets/Breast-Cancer-Ultrasound-Images-Dataset/Dataset_BUSI_with_GT\benign\benign (377).png,benign (377),752,578,1.301038062283737,RGB,1,95.6827100051535,59.33420343498827,0,255,11.0,195.0,c089858fc4a16c10df9a505e4754408a,f88526ea1cd8d393,9459,0.021762037105205037,True,0.5771276595744681,0.14186851211072665,0.7393247575576595,0.9812896405919662,0.7258581593556963,1.6896551724137931,0.8489947985731956
benign (378).png,benign,datasets/Breast-Cancer-Ultrasound-Images-Dataset/Dataset_BUSI_with_GT\benign\benign (378).png,benign (378),548,464,1.1810344827586208,RGB,1,69.77278662219985,50.15915963258827,0,255,12.0,166.0,3fdebd1940d92c302a4d55e379887ece,f9e904551f18c8ed,7836,0.030817392398691166,True,0.5054744525547445,0.16379310344827586,0.6978025603074691,0.9824527697726545,0.7460850111856824,2.1594202898550723,0.8861621772318838
benign (379).png,benign,datasets/Breast-Cancer-Ultrasound-Images-Dataset/Dataset_BUSI_with_GT\benign\benign (379).png,benign (379),1010,583,1.732418524871355,RGB,1,92.94462238676698,65.41956157353597,0,255,1.0,198.0,2e9f0a5bbacb232a9f3b0c651b2c4c37,8f9f745a93b0c889,17814,0.03025321400064535,True,0.5757425742574257,0.19039451114922812,0.491314685056078,0.9645995757458883,0.7053585817888799,3.4352941176470586,0.9609908593042823
benign (38).png,benign,datasets/Breast-Cancer-Ultrasound-Images-Dataset/Dataset_BUSI_with_GT\benign\benign (38).png,benign (38),550,484,1.1363636363636365,RGB,1,57.91626220886551,55.299880930771835,0,255,1.0,167.0,e548bcd721b4422c34118ac3f4da982b,d1a5acc593939b83,6008,0.022569496619083397,True,0.6136363636363636,0.2159090909090909,0.8484979167786828,0.9869857262804366,0.7942567567567568,1.3513513513513513,0.6901345310489182
benign (380).png,benign,datasets/Breast-Cancer-Ultrasound-Images-Dataset/Dataset_BUSI_with_GT\benign\benign (380).png,benign (380),750,572,1.3111888111888113,RGB,1,130.35967365967366,47.03048384911975,0,255,57.0,209.0,2b605e7cd78b591822ae2fbcf59c8417,f5b30e48e8c033db,7296,0.01700699300699301,True,0.47333333333333333,0.3269230769230769,0.7102488517235238,0.9821895200110026,0.7038040800236524,1.904109589041096,0.860647303587979
benign (381).png,benign,datasets/Breast-Cancer-Ultrasound-Images-Dataset/Dataset_BUSI_with_GT\benign\benign (381).png,benign (381),747,576,1.296875,RGB,1,139.10670227205117,42.619007302695046,0,255,65.0,210.0,8ab9202df8ef0d6fbd864bd47f2ac9b3,b6e009cfced4a1b2,31694,0.07366038226982002,True,0.41298527443105754,0.2725694444444444,0.7853370629678148,0.9879248728726837,0.8053801529852662,1.7086092715231789,0.782264702712359
benign (382).png,benign,datasets/Breast-Cancer-Ultrasound-Images-Dataset/Dataset_BUSI_with_GT\benign\benign (382).png,benign (382),730,475,1.5368421052631578,RGB,1,54.16740591204037,32.27368786483626,0,235,5.0,116.0,2a7eaa4224e18dbb6ed7a2baaae873b2,95b6e2c2c8999597,46809,0.13499351117519828,True,0.34657534246575344,0.2768421052631579,0.6083226156620659,0.9802938999894281,0.7773288176513983,2.722972972972973,0.9448791325344813
benign (383).png,benign,datasets/Breast-Cancer-Ultrasound-Images-Dataset/Dataset_BUSI_with_GT\benign\benign (383).png,benign (383),552,493,1.1196754563894524,RGB,1,87.67581650351295,48.415238056334914,0,255,22.0,173.0,d81a722e5aa01395fd3e6d5c275edc8a,a68ad923f099cbd4,16124,0.05924978687127025,True,0.5516304347826086,0.5892494929006086,0.7885166889289179,0.9858666005454997,0.7451274362818591,1.5862068965517242,0.8113280053627947
benign (384).png,benign,datasets/Breast-Cancer-Ultrasound-Images-Dataset/Dataset_BUSI_with_GT\benign\benign (384).png,benign (384),760,425,1.7882352941176471,RGB,1,51.049151702786375,33.051754784380684,0,235,10.0,116.0,e66cd0389b4cf129acc5424e4c9d5e77,8da0e35bd88cb873,30669,0.09495046439628484,True,0.3769736842105263,0.25529411764705884,0.48800797783567357,0.9714670860480791,0.6843009585820221,3.4035087719298245,0.9624218582953221
benign (385).png,benign,datasets/Breast-Cancer-Ultrasound-Images-Dataset/Dataset_BUSI_with_GT\benign\benign (385).png,benign (385),551,458,1.203056768558952,RGB,1,41.797723868472566,54.40148289486724,0,255,1.0,156.0,9fbed7d5b2cb456ddada5eb53ceed05c,e0e09f9f89c9c266,9719,0.03851274776309845,True,0.5281306715063521,0.24672489082969432,0.6604053521273144,0.9813584633606262,0.734373795761079,2.3066666666666666,0.9053291126128926
benign (386).png,benign,datasets/Breast-Cancer-Ultrasound-Images-Dataset/Dataset_BUSI_with_GT\benign\benign (386).png,benign (386),768,578,1.328719723183391,RGB,1,70.49518139057093,47.55034091648036,0,235,9.0,162.0,e3aa0dbba1968bd7968fe40e39b32641,ccb6225c59c9b9a3,25588,0.057643094002306806,True,0.521484375,0.22750865051903113,0.8080732742024913,0.988886284620493,0.7417516408813877,1.3670886075949367,0.7367165772154208
benign (387).png,benign,datasets/Breast-Cancer-Ultrasound-Images-Dataset/Dataset_BUSI_with_GT\benign\benign (387).png,benign (387),549,486,1.1296296296296295,RGB,1,73.17465725186834,59.53413209136362,0,255,7.0,183.0,097b965086fe3f9513e86f06684ceb19,cde3f08e8e3436a4,19230,0.07207267984438598,True,0.47996357012750457,0.34156378600823045,0.7541520443247886,0.9851830708150608,0.751147515036404,1.8461538461538463,0.8507797259971004
benign (388).png,benign,datasets/Breast-Cancer-Ultrasound-Images-Dataset/Dataset_BUSI_with_GT\benign\benign (388).png,benign (388),763,572,1.333916083916084,RGB,1,92.85564435564436,52.28719169132214,0,255,21.0,189.0,68bcd7ef71b364e0d5ea22e141d445fd,d9a62958d6c7b099,8031,0.018401323447195007,True,0.5353866317169069,0.44755244755244755,0.6277740091104056,0.982424318238679,0.7420162509448224,2.6666666666666665,0.9248367810158479
benign (389).png,benign,datasets/Breast-Cancer-Ultrasound-Images-Dataset/Dataset_BUSI_with_GT\benign\benign (389).png,benign (389),927,567,1.6349206349206349,RGB,1,115.40291547519163,46.01894162174947,0,255,42.0,197.0,7947ebfef1ce95d35e5ee236f11d6b57,bba5447be990c4b4,14289,0.027185607552382095,True,0.558252427184466,0.2821869488536155,0.6768142151631867,0.9843492874899338,0.7976960617410056,2.2247191011235956,0.8928313193454894
benign (39).png,benign,datasets/Breast-Cancer-Ultrasound-Images-Dataset/Dataset_BUSI_with_GT\benign\benign (39).png,benign (39),578,433,1.3348729792147807,RGB,1,123.64151689748036,66.46633296152784,18,255,38.0,253.0,bec925f21ca9c948aba8b20a8c30e975,c2b8ef2e381883e7,5658,0.022607222484157363,True,0.32698961937716264,0.45727482678983833,0.7465277080735994,0.9812594368949284,0.6832405689548546,1.3636363636363635,0.8576245856659718
benign (390).png,benign,datasets/Breast-Cancer-Ultrasound-Images-Dataset/Dataset_BUSI_with_GT\benign\benign (390).png,benign (390),779,583,1.3361921097770155,RGB,1,119.57400414394141,49.60208244114753,0,255,37.0,199.0,7c576caec024a423482456203afad888,8ef84113cfb46dc8,9108,0.020054738779761185,True,0.6469833119383825,0.32504288164665524,0.6871702310269043,0.9796937599473136,0.7585840557538671,2.1486486486486487,0.8933355918697907
benign (391).png,benign,datasets/Breast-Cancer-Ultrasound-Images-Dataset/Dataset_BUSI_with_GT\benign\benign (391).png,benign (391),687,578,1.1885813148788926,RGB,1,125.72236492850415,54.20806512557886,0,255,31.0,210.0,603bbcdedf56dd3e6687d172c6f02769,ac985783224d99fb,53976,0.1359302518849821,True,0.40756914119359533,0.4290657439446367,0.48051721170892076,0.9240841318711731,0.7342128770700199,3.36734693877551,0.9726184489036597
benign (392).png,benign,datasets/Breast-Cancer-Ultrasound-Images-Dataset/Dataset_BUSI_with_GT\benign\benign (392).png,benign (392),729,477,1.528301886792453,RGB,1,52.26798146854052,37.403410276577475,0,255,3.0,127.0,f24cd33e1f317e5b52ce5ca1aded0b10,b4e1cb4227aeb2b2,88348,0.25406849508099605,True,0.3840877914951989,0.46331236897274636,0.8011319060158215,0.9917006357200122,0.8065941130550581,1.6745098039215687,0.79802821284339
benign (393).png,benign,datasets/Breast-Cancer-Ultrasound-Images-Dataset/Dataset_BUSI_with_GT\benign\benign (393).png,benign (393),685,583,1.1749571183533447,RGB,1,96.54946851798525,54.73888952705117,0,255,19.0,193.0,a35c41cd395e64de9a722952e1e07ffd,c6fb98846be36542,102917,0.2577080542374579,True,0.5401459854014599,0.41080617495711835,0.7962643136741665,0.979115655367664,0.7109417320647268,1.0294117647058822,0.7599546046829758
benign (394).png,benign,datasets/Breast-Cancer-Ultrasound-Images-Dataset/Dataset_BUSI_with_GT\benign\benign (394).png,benign (394),558,468,1.1923076923076923,RGB,1,105.69671139294795,54.071210700126365,0,255,22.0,195.0,08e13638db473d8fb9076a40c0e738c9,ecd34b6474363750,9743,0.03730891768526177,True,0.45340501792114696,0.39316239316239315,0.577462551248014,0.9601812232569846,0.68,2.493333333333333,0.9314427799870721
benign (395).png,benign,datasets/Breast-Cancer-Ultrasound-Images-Dataset/Dataset_BUSI_with_GT\benign\benign (395).png,benign (395),615,576,1.0677083333333333,RGB,1,88.32873193315267,55.13821302906724,0,244,21.0,182.0,3c3177ee8277461721d0a78821596993,cee9211791d85e17,41982,0.11851287262872628,True,0.5699186991869919,0.20572916666666666,0.7747102940169426,0.982183101084353,0.7687001329787234,1.5319148936170213,0.7257504747090926
benign (396).png,benign,datasets/Breast-Cancer-Ultrasound-Images-Dataset/Dataset_BUSI_with_GT\benign\benign (396).png,benign (396),420,474,0.8860759493670886,RGB,1,47.18844685553546,52.86815025296631,0,223,1.0,160.0,4b2405122789b06166d91c193903ce2b,b1b5fe9fcc684081,2738,0.013753265019087803,True,0.2857142857142857,0.23312236286919832,0.29265070638927604,0.9171555555555555,0.7117825607064018,6.291666666666667,0.9845479412130974
benign (397).png,benign,datasets/Breast-Cancer-Ultrasound-Images-Dataset/Dataset_BUSI_with_GT\benign\benign (397).png,benign (397),554,470,1.1787234042553192,RGB,1,105.92499423918888,46.42022209662846,0,255,29.0,184.0,1ad5b8dc9d94a6f3fa6342fe73e4260c,bccc87b3f0b288ac,30776,0.1181964820646747,True,0.23736462093862815,0.3021276595744681,0.8012292545723704,0.990830759226142,0.7576202078464522,1.4082840236686391,0.8141022729040663
benign (398).png,benign,datasets/Breast-Cancer-Ultrasound-Images-Dataset/Dataset_BUSI_with_GT\benign\benign (398).png,benign (398),563,469,1.2004264392324093,RGB,1,67.8450238025806,42.99390878447883,0,255,17.0,147.0,4ee347b3f69b824e82dbbab72637b44e,aeba7bb581c96150,57005,0.21588959541293784,True,0.6225577264653641,0.2931769722814499,0.6611792953168222,0.9635361187568705,0.761352617970265,2.241758241758242,0.9088894061824457
benign (399).png,benign,datasets/Breast-Cancer-Ultrasound-Images-Dataset/Dataset_BUSI_with_GT\benign\benign (399).png,benign (399),555,468,1.185897435897436,RGB,1,94.22395087395087,45.14715362978812,0,255,28.0,170.0,ebc43b8f09b3fb38f55067ef92e48943,96e1b196da6c6991,36171,0.13925848925848927,True,0.5468468468468468,0.33226495726495725,0.7782869978844748,0.988811632591121,0.7640606344874638,1.7439024390243902,0.8296717184750944
benign (4).png,benign,datasets/Breast-Cancer-Ultrasound-Images-Dataset/Dataset_BUSI_with_GT\benign\benign (4).png,benign (4),555,465,1.1935483870967742,RGB,2,114.64103458297006,57.69092465658132,0,255,25.0,208.0,2b963bf372bee47cf0a117362dcb281f,c8d77678298f628a,2608,0.01010558946042817,True,0.37747747747747745,0.2860215053763441,0.7594807995237645,0.9665144596651446,0.7259908536585366,1.5609756097560976,0.7275998104424172
benign (40).png,benign,datasets/Breast-Cancer-Ultrasound-Images-Dataset/Dataset_BUSI_with_GT\benign\benign (40).png,benign (40),706,526,1.3422053231939164,RGB,1,69.91351156302846,37.558101858455956,0,243,22.0,142.0,6d268db8bee7e62a0f723a343c340255,94c3d7cc68b1b394,8589,0.023128749771109125,True,0.45396600566572237,0.36311787072243346,0.716734121926229,0.9834053990884656,0.7501337136744518,1.7974683544303798,0.8875876980730437
benign (400).png,benign,datasets/Breast-Cancer-Ultrasound-Images-Dataset/Dataset_BUSI_with_GT\benign\benign (400).png,benign (400),779,580,1.3431034482758621,RGB,1,94.99698552520915,57.44176689697637,0,249,6.0,193.0,5b7b19c3ec902899008e68ea978f6251,87a8d0f159cec789,167313,0.37030897259970785,True,0.5231065468549422,0.42844827586206896,0.7845885724694918,0.9887361055886246,0.7420100475656031,1.5714285714285714,0.7846128380166523
benign (401).png,benign,datasets/Breast-Cancer-Ultrasound-Images-Dataset/Dataset_BUSI_with_GT\benign\benign (401).png,benign (401),557,469,1.187633262260128,RGB,1,101.08211826224098,50.51499899124684,0,255,29.0,183.0,a36b7b10ffe9d2c14ee427cbda91375d,f18607ec98cca5b3,28568,0.10935831231123173,True,0.4955116696588869,0.2505330490405117,0.8050216230566596,0.9880002096033257,0.7201935319582379,1.3588235294117648,0.7306796435750017
benign (402).png,benign,datasets/Breast-Cancer-Ultrasound-Images-Dataset/Dataset_BUSI_with_GT\benign\benign (402).png,benign (402),561,469,1.1961620469083156,RGB,1,101.45157330231957,57.48535705425074,0,255,19.0,197.0,e73c305d4a54ded3a59e86d4f0fa6c33,cfe93c252132935b,12053,0.04580991148155327,True,0.767379679144385,0.22921108742004265,0.5546712162302001,0.9639566174671776,0.6716477272727273,2.75,0.9298671749260864
benign (403).png,benign,datasets/Breast-Cancer-Ultrasound-Images-Dataset/Dataset_BUSI_with_GT\benign\benign (403).png,benign (403),549,467,1.1755888650963597,RGB,1,98.1959724318695,48.571816183003826,0,255,25.0,182.0,e7d7a066c3064abebf537c06a2f3ec94,c9b63ec9cc0c3c8d,35763,0.13949052784310972,True,0.4098360655737705,0.3094218415417559,0.7202259437169338,0.979113967793213,0.7183684231877003,1.7891566265060241,0.8516399831283136
benign (404).png,benign,datasets/Breast-Cancer-Ultrasound-Images-Dataset/Dataset_BUSI_with_GT\benign\benign (404).png,benign (404),772,578,1.3356401384083045,RGB,1,88.22205613424889,61.042477469644936,0,255,1.0,192.0,277cab015892f8d6301ad26bffd5e450,9ce8b1218a9d5eea,191793,0.4298209835595317,True,0.5518134715025906,0.43252595155709345,0.7712037618156327,0.9906913790242283,0.7259816905636859,1.721227621483376,0.8073356260488224
benign (405).png,benign,datasets/Breast-Cancer-Ultrasound-Images-Dataset/Dataset_BUSI_with_GT\benign\benign (405).png,benign (405),566,465,1.217204301075269,RGB,1,66.55234241422546,38.505631928683094,0,240,16.0,131.0,dfa9d4ecfad8ee3dee909b3a39924249,a5847e93c1e372d8,80623,0.3063300277366161,True,0.5256183745583038,0.2924731182795699,0.6677332202294166,0.9861259929798633,0.7967014925373135,2.487562189054726,0.9085521119498282
benign (406).png,benign,datasets/Breast-Cancer-Ultrasound-Images-Dataset/Dataset_BUSI_with_GT\benign\benign (406).png,benign (406),563,463,1.2159827213822894,RGB,1,108.99640540302069,44.08974878901793,0,255,37.0,183.0,5f526be81d54a5129c8c5ec738a19855,dce1179ed84969c8,38429,0.14742451154529307,True,0.5426287744227354,0.32721382289416845,0.8058748402174323,0.9864695143267774,0.7501181474480151,1.5,0.7576559036503322
benign (407).png,benign,datasets/Breast-Cancer-Ultrasound-Images-Dataset/Dataset_BUSI_with_GT\benign\benign (407).png,benign (407),560,467,1.1991434689507494,RGB,1,115.55988834505965,50.65257919941638,0,255,41.0,200.0,6f027403617f355b04b8ec0a6640b6cc,e59d903aa3e09c2f,93557,0.3577431936371979,True,0.49107142857142855,0.6316916488222698,0.7776239312328389,0.9852445819121666,0.7770185038218955,1.654275092936803,0.8307487692532951
benign (408).png,benign,datasets/Breast-Cancer-Ultrasound-Images-Dataset/Dataset_BUSI_with_GT\benign\benign (408).png,benign (408),554,465,1.1913978494623656,RGB,1,112.70718916191142,50.959366859393654,0,255,41.0,197.0,fe5ac4286931c2568cb118b3c29e8579,fcb0d12387ce0da6,19359,0.07514848026085943,True,0.47833935018050544,0.24086021505376345,0.44730186394604643,0.9279391323432584,0.6398520262317134,3.294736842105263,0.9695381133541605
benign (409).png,benign,datasets/Breast-Cancer-Ultrasound-Images-Dataset/Dataset_BUSI_with_GT\benign\benign (409).png,benign (409),558,466,1.1974248927038627,RGB,1,120.0691463996185,43.306038626014946,0,255,50.0,194.0,f9eb77493cc709739b9039b9508de7ee,84ad9bd2615b8ca7,95213,0.36616441306320857,True,0.517921146953405,0.3937768240343348,0.6800675739898057,0.9664401084619745,0.7016691136124334,1.906015037593985,0.8854726847103476
benign (41).png,benign,datasets/Breast-Cancer-Ultrasound-Images-Dataset/Dataset_BUSI_with_GT\benign\benign (41).png,benign (41),550,484,1.1363636363636365,RGB,1,78.31628850488354,61.039158022289534,0,255,5.0,181.0,3a91ed1cadd4c23536b7197961b81adc,d0988f703c8fd9f0,23703,0.08904207362885048,True,0.4490909090909091,0.5981404958677686,0.6871701640558768,0.9757434305124304,0.6859909751523675,1.6458333333333333,0.8767251118937902
benign (410).png,benign,datasets/Breast-Cancer-Ultrasound-Images-Dataset/Dataset_BUSI_with_GT\benign\benign (410).png,benign (410),558,468,1.1923076923076923,RGB,1,108.58149526697913,50.28115395434564,0,255,26.0,196.0,ef8234575d309d0c2f96e93a28a67d1a,93c89ca4e7372a1b,31697,0.12137747756027326,True,0.271505376344086,0.28739316239316237,0.6559716075645374,0.9804657564240917,0.7581511222910217,2.235294117647059,0.9106645267241936
benign (411).png,benign,datasets/Breast-Cancer-Ultrasound-Images-Dataset/Dataset_BUSI_with_GT\benign\benign (411).png,benign (411),602,587,1.0255536626916524,RGB,1,88.40122646261467,56.034927654881265,0,255,20.0,184.0,24d3795cce7f168656ca9ae7193b70e1,cee9211591d85e97,40403,0.11433495390153209,True,0.5805647840531561,0.20017035775127767,0.7903952100757874,0.9875352920144497,0.7748220089769385,1.5604395604395604,0.713742558056238
benign (412).png,benign,datasets/Breast-Cancer-Ultrasound-Images-Dataset/Dataset_BUSI_with_GT\benign\benign (412).png,benign (412),779,576,1.3524305555555556,RGB,1,95.15441582869776,57.1301893856349,0,248,6.0,193.0,56812bd9b67d3dd9cc3dbde032bcd7b9,87b8d0f159cec389,179884,0.4008968050206818,True,0.49165596919127086,0.4487847222222222,0.7630270203480872,0.9829305562795088,0.7047273056285503,1.4975728155339805,0.7707970868286456
benign (413).png,benign,datasets/Breast-Cancer-Ultrasound-Images-Dataset/Dataset_BUSI_with_GT\benign\benign (413).png,benign (413),433,478,0.9058577405857741,RGB,1,46.171403171412834,52.001740309365935,0,219,1.0,158.0,2777b1e3c86d139b66dee927df8d8cf3,b1b5fe9ecc684281,2227,0.010759805579444762,True,0.27829099307159355,0.2301255230125523,0.4072759218233881,0.9433370660694289,0.7389473684210527,4.56,0.9777914805807292
benign (414).png,benign,datasets/Breast-Cancer-Ultrasound-Images-Dataset/Dataset_BUSI_with_GT\benign\benign (414).png,benign (414),812,703,1.155049786628734,RGB,1,69.51405657667,45.645950610416065,0,255,9.0,154.0,0fd3b5311c20d737f5ea2ada66886569,8da7775a68697068,175486,0.3074192938076786,True,0.4870689655172414,0.31436699857752487,0.7093453804016754,0.990646362174898,0.7854464526571352,1.9584569732937684,0.8471259115442755
benign (415).png,benign,datasets/Breast-Cancer-Ultrasound-Images-Dataset/Dataset_BUSI_with_GT\benign\benign (415).png,benign (415),781,578,1.3512110726643598,RGB,1,88.6361066683207,61.77959338775778,0,255,1.0,194.0,ce659707666d93259e228fdaead0ce7b,9ce8a1239a9d5aea,209121,0.46325356986207905,True,0.5403329065300896,0.44896193771626297,0.7689708794280805,0.9826645219417622,0.7417411429588748,1.670731707317073,0.812053935517884
benign (416).png,benign,datasets/Breast-Cancer-Ultrasound-Images-Dataset/Dataset_BUSI_with_GT\benign\benign (416).png,benign (416),878,574,1.529616724738676,RGB,1,104.10066829109553,63.0518524913492,0,255,10.0,209.0,c78ee981d3b06eb3789ede70309d4b37,c0b37d4c9cc2d8f2,15080,0.029922297270483282,True,0.29328018223234625,0.1445993031358885,0.5464080885289128,0.968024300225365,0.6236952861952862,2.4242424242424243,0.9571043284053965
benign (417).png,benign,datasets/Breast-Cancer-Ultrasound-Images-Dataset/Dataset_BUSI_with_GT\benign\benign (417).png,benign (417),599,416,1.4399038461538463,RGB,1,68.10214138949532,56.97826881050474,0,255,1.0,170.0,996f01539061c27918c0462286169e75,d6d22928c899f3f2,7036,0.028236162835495057,True,0.4373956594323873,0.2860576923076923,0.4993928178837786,0.9747259006122739,0.7334726240222865,3.588235294117647,0.9599556194744744
benign (418).png,benign,datasets/Breast-Cancer-Ultrasound-Images-Dataset/Dataset_BUSI_with_GT\benign\benign (418).png,benign (418),607,414,1.4661835748792271,RGB,1,69.29518738708624,55.21011124832573,0,255,1.0,168.0,09f04325dbc7e7862146a0c556c77be7,869df934c1cb92b8,7406,0.02947098663737873,True,0.3649093904448105,0.29589371980676327,0.5437602072417748,0.9754087285501959,0.7510403662089056,3.2962962962962963,0.9539188394345339
benign (419).png,benign,datasets/Breast-Cancer-Ultrasound-Images-Dataset/Dataset_BUSI_with_GT\benign\benign (419).png,benign (419),772,574,1.3449477351916377,RGB,1,83.39677249011572,53.63641496038928,0,243,6.0,177.0,f29027ce3957a5b896e5c7ac729362ea,a5b55aa2e2e3858e,10624,0.023975013991442654,True,0.25323834196891193,0.23344947735191637,0.5185861078713803,0.968470566318927,0.6594051243023846,2.958904109589041,0.9557941263071753
benign (42).png,benign,datasets/Breast-Cancer-Ultrasound-Images-Dataset/Dataset_BUSI_with_GT\benign\benign (42).png,benign (42),581,437,1.3295194508009154,RGB,1,80.18381075790576,55.79987455937365,0,255,14.0,183.0,aa5f7a72abd239b4a77502652e996b76,91bcfe4b66c66121,16545,0.06516422013651205,True,0.3132530120481928,0.2379862700228833,0.6739331564974665,0.978747035691772,0.7089584692324419,2.085714285714286,0.8847557828782644
benign (420).png,benign,datasets/Breast-Cancer-Ultrasound-Images-Dataset/Dataset_BUSI_with_GT\benign\benign (420).png,benign (420),768,574,1.3379790940766552,RGB,1,74.25137240490709,58.914643949061954,0,255,3.0,187.0,6284c8cd4ab0d491c88304044b05aec1,a3891c1266e7e9ea,55571,0.12605936048199767,True,0.5826822916666666,0.3614982578397213,0.5643598279023149,0.9674498265337491,0.6636121553884712,2.5054945054945055,0.9224455484996135
benign (421).png,benign,datasets/Breast-Cancer-Ultrasound-Images-Dataset/Dataset_BUSI_with_GT\benign\benign (421).png,benign (421),551,487,1.1314168377823408,RGB,1,74.29144694917213,66.5313101907067,0,255,1.0,198.0,d57d60ccc280cb2d2f78fecd4a683397,b69bcbccccb22324,39998,0.14905883273644707,True,0.31851179673321234,0.2864476386036961,0.6495223916368014,0.9819807530135424,0.8520897899449036,2.6666666666666665,0.9316752094332502
benign (422).png,benign,datasets/Breast-Cancer-Ultrasound-Images-Dataset/Dataset_BUSI_with_GT\benign\benign (422).png,benign (422),768,487,1.5770020533880904,RGB,1,53.13844594883641,44.88319284883445,0,255,7.0,143.0,4417da4f108470a5c98ba89b1c64c81e,feefc5e0808391c6,68711,0.18371139202600958,True,0.50390625,0.5882956878850103,0.5749118774863001,0.989510743321719,0.7605845199303665,3.0290697674418605,0.9471840301079103
benign (423).png,benign,datasets/Breast-Cancer-Ultrasound-Images-Dataset/Dataset_BUSI_with_GT\benign\benign (423).png,benign (423),561,470,1.1936170212765957,RGB,1,49.62919558539083,48.302829233017746,0,255,1.0,151.0,e38492af6880e89e28dad9593af1eac8,eafc8d89cc86949a,17387,0.06594227633026131,True,0.5561497326203209,0.1425531914893617,0.4061515517714161,0.9120132648694907,0.6898490917182506,4.1688311688311686,0.9733031871666098
benign (424).png,benign,datasets/Breast-Cancer-Ultrasound-Images-Dataset/Dataset_BUSI_with_GT\benign\benign (424).png,benign (424),544,469,1.159914712153518,RGB,2,91.1040660667252,49.801993640552034,0,255,14.0,172.0,ebca1226dbb9c4ff71ae2192fea582c4,c9bb7498a4cd1786,5376,0.021071115013169446,True,0.4420955882352941,0.22068230277185502,0.6279576851510605,0.967771016452558,0.6738857501569366,2.185185185185185,0.9230070319367073
benign (425).png,benign,datasets/Breast-Cancer-Ultrasound-Images-Dataset/Dataset_BUSI_with_GT\benign\benign (425).png,benign (425),544,469,1.159914712153518,RGB,1,122.02296422300263,62.772550420120886,0,255,23.0,226.0,bd53a9aedf38ee2ac1a3fcd881887d98,95e46b9f52120ced,5124,0.02008340649692713,True,0.6534926470588235,0.2771855010660981,0.7551443781041853,0.9815287875810572,0.7581967213114754,1.7704918032786885,0.8292102699019485
benign (426).png,benign,datasets/Breast-Cancer-Ultrasound-Images-Dataset/Dataset_BUSI_with_GT\benign\benign (426).png,benign (426),549,465,1.1806451612903226,RGB,1,100.06305501694185,53.099245812015575,0,255,19.0,184.0,d1b7428c4bfe1abdc5aa7b1a7f3e36ba,c5cd3d98e8781e83,79105,0.3098693616937932,True,0.5218579234972678,0.2924731182795699,0.5712557891908718,0.9728818809826214,0.6474847435263071,2.195744680851064,0.9353128150837756
benign (427).png,benign,datasets/Breast-Cancer-Ultrasound-Images-Dataset/Dataset_BUSI_with_GT\benign\benign (427).png,benign (427),780,380,2.0526315789473686,RGB,1,92.08142375168691,58.765414003418485,0,255,2.0,196.0,eea5b860eea417bcde90d85f2290d48c,f0a32f8de768603c,8443,0.02848515519568151,True,0.4935897435897436,0.4026315789473684,0.8502754980053722,0.9887305467771749,0.7698950691800539,1.3595505617977528,0.6855612686125507
benign (428).png,benign,datasets/Breast-Cancer-Ultrasound-Images-Dataset/Dataset_BUSI_with_GT\benign\benign (428).png,benign (428),769,382,2.013089005235602,RGB,1,81.07027212875904,57.444193105112404,0,255,1.0,174.0,2a6996296151a377880e8a0fe5746848,caf9b787b824b430,17602,0.05992007026191627,True,0.3881664499349805,0.36387434554973824,0.5213783524360711,0.9340546666306899,0.6698335913312693,2.863157894736842,0.9615768703242017
benign (429).png,benign,datasets/Breast-Cancer-Ultrasound-Images-Dataset/Dataset_BUSI_with_GT\benign\benign (429).png,benign (429),582,437,1.331807780320366,RGB,1,88.57431566365489,49.00116625180607,0,255,25.0,181.0,38b7515075e3496fb28790cb2855efd3,b0f06b858e4bcb95,3225,0.012680176460874283,True,0.6486254295532646,0.09038901601830664,0.534448248758728,0.9754639823843976,0.6800438596491228,2.85,0.9543265756470655
benign (43).png,benign,datasets/Breast-Cancer-Ultrasound-Images-Dataset/Dataset_BUSI_with_GT\benign\benign (43).png,benign (43),554,495,1.1191919191919193,RGB,1,86.59669255734238,53.853075745737954,0,255,17.0,187.0,dc7b4453514b5c99a4235aae2d1e2c2a,a4954b68e1f38fa8,2331,0.008500164095831967,True,0.5658844765342961,0.19393939393939394,0.7738708865083801,0.978218253103899,0.7845911949685535,1.0188679245283019,0.5418347495957424
benign (430).png,benign,datasets/Breast-Cancer-Ultrasound-Images-Dataset/Dataset_BUSI_with_GT\benign\benign (430).png,benign (430),768,581,1.3218588640275388,RGB,1,91.34625331683878,53.860912534030064,0,255,19.0,189.0,a7cf91cd26f657b52a0cfdd8630d5c4e,a7b968d886878ec6,17936,0.04019650028686173,True,0.43359375,0.2134251290877797,0.7138460012895986,0.9841737824381832,0.7033194195984893,1.8376068376068375,0.877482822230724
benign (431).png,benign,datasets/Breast-Cancer-Ultrasound-Images-Dataset/Dataset_BUSI_with_GT\benign\benign (431).png,benign (431),582,431,1.3503480278422273,RGB,1,97.05124739876098,48.35670262104614,0,255,30.0,184.0,660d3e2945e6e8eafb683b451914eb75,a6e9490d5c28eb97,4066,0.016209406718173194,True,0.679553264604811,0.09280742459396751,0.5798816291998895,0.9785989797188005,0.7163023679417122,2.7111111111111112,0.9414455635411967
benign (432).png,benign,datasets/Breast-Cancer-Ultrasound-Images-Dataset/Dataset_BUSI_with_GT\benign\benign (432).png,benign (432),469,394,1.1903553299492386,RGB,1,98.36684597317979,53.76037998753863,0,255,15.0,192.0,eb0ee48c815f90154530fc494ea6a26d,dbe1059d9a3a3165,14408,0.07797127488013161,True,0.5106609808102346,0.30076142131979694,0.6487187757985599,0.980628199806282,0.7180344478216819,2.234042553191489,0.9182519690643574
benign (433).png,benign,datasets/Breast-Cancer-Ultrasound-Images-Dataset/Dataset_BUSI_with_GT\benign\benign (433).png,benign (433),550,462,1.1904761904761905,RGB,1,53.16157811885085,55.92218757270553,0,240,1.0,172.0,88f5ac307c1827b335d8b981c31262dc,f1918fcecee62c02,3186,0.012538370720188902,True,0.41545454545454547,0.2261904761904762,0.8489079153672678,0.9812728138390732,0.7806818181818181,1.1,0.3484174724756811
benign (434).png,benign,datasets/Breast-Cancer-Ultrasound-Images-Dataset/Dataset_BUSI_with_GT\benign\benign (434).png,benign (434),501,609,0.8226600985221675,RGB,1,67.29730358658709,52.02349082392169,0,255,1.0,165.0,2febb926a8394f05d1a85b9b72ffb8bb,81e2cd9c9c6c6af8,50047,0.1640299040670711,True,0.6007984031936128,0.3185550082101806,0.8124922309801261,0.9915546105237938,0.7739967271877192,1.526829268292683,0.7647745525317473
benign (435).png,benign,datasets/Breast-Cancer-Ultrasound-Images-Dataset/Dataset_BUSI_with_GT\benign\benign (435).png,benign (435),552,469,1.1769722814498933,RGB,1,52.03099796050802,57.303144141374084,0,255,1.0,176.0,006ee991ce2597782b9d13fb27a2687b,91d3eccccc8e9e21,3850,0.014871295695435865,True,0.40851449275362317,0.22707889125799574,0.8437718329957713,0.9841019576928131,0.7802083333333333,1.3333333333333333,0.6592188741039778
benign (436).png,benign,datasets/Breast-Cancer-Ultrasound-Images-Dataset/Dataset_BUSI_with_GT\benign\benign (436).png,benign (436),502,474,1.0590717299578059,RGB,1,121.57279741792324,55.76488441936077,0,255,42.0,226.0,797ab4019ba93c2a822a52fe39d594c4,e7bc38cb094d6744,22863,0.09608401835695193,True,0.4292828685258964,0.24261603375527427,0.7983745903122978,0.988952089258368,0.7455633988652857,1.4825174825174825,0.752501321808786
benign (437).png,benign,datasets/Breast-Cancer-Ultrasound-Images-Dataset/Dataset_BUSI_with_GT\benign\benign (437).png,benign (437),768,585,1.3128205128205128,RGB,1,113.30297587250712,65.49808636950594,0,255,15.0,212.0,db521e0dad0932faab24beb556e91557,cfb5684a22929d5d,1757,0.003910701566951567,True,0.3899739583333333,0.2606837606837607,0.5875101684093446,0.9723596159441373,0.7277874564459931,2.9285714285714284,0.9357795539685626
benign (44).png,benign,datasets/Breast-Cancer-Ultrasound-Images-Dataset/Dataset_BUSI_with_GT\benign\benign (44).png,benign (44),777,580,1.339655172413793,RGB,1,103.32432210535659,63.47165692202047,0,254,13.0,200.0,90a1911599391a95443c62d681214ef5,b3984c47e7f038b2,6065,0.013458039320108285,True,0.33526383526383524,0.3275862068965517,0.7018789344891743,0.9813417364623932,0.7835010593220338,2.169491525423729,0.8714729787083194
benign (45).png,benign,datasets/Breast-Cancer-Ultrasound-Images-Dataset/Dataset_BUSI_with_GT\benign\benign (45).png,benign (45),775,580,1.3362068965517242,RGB,1,101.45276751946608,56.642022672087975,0,255,1.0,199.0,b93721997c750226cc8fb5f909489725,a5b831c5cab8bcb2,31072,0.06912569521690767,True,0.3529032258064516,0.2982758620689655,0.8109280387925513,0.9907423805767095,0.746759866025921,1.1534391534391535,0.7502182284366445
benign (46).png,benign,datasets/Breast-Cancer-Ultrasound-Images-Dataset/Dataset_BUSI_with_GT\benign\benign (46).png,benign (46),561,468,1.1987179487179487,RGB,1,129.41835778600483,60.69434725125897,0,255,28.0,229.0,f3e6430d3737e93e63235ec312929c5c,c1b12bcc1cd3b2b6,2423,0.009228788640553346,True,0.4572192513368984,0.3087606837606838,0.8696532079444296,0.9858858226248157,0.8125,1.25,0.6313661542547452
benign (47).png,benign,datasets/Breast-Cancer-Ultrasound-Images-Dataset/Dataset_BUSI_with_GT\benign\benign (47).png,benign (47),763,585,1.3042735042735043,RGB,1,87.64071647007427,63.29717821276649,0,248,6.0,194.0,14cd8f429f481a735ecd62ff43981716,a6ba3a7115c5eec0,2284,0.005117003282140897,True,0.7889908256880734,0.23247863247863249,0.7485466411210044,0.9772980191408859,0.7760692824319547,1.6829268292682926,0.8723331440006235
benign (48).png,benign,datasets/Breast-Cancer-Ultrasound-Images-Dataset/Dataset_BUSI_with_GT\benign\benign (48).png,benign (48),775,583,1.3293310463121784,RGB,1,63.61435954185802,60.66604059670041,0,255,1.0,179.0,b96f5ec541bf8b5688fc6794b0cb0a7c,8fb9c4c679593581,33097,0.07325181209539092,True,0.39806451612903226,0.42109777015437394,0.8314975707981357,0.9891999517316279,0.775323938333491,1.1237113402061856,0.4597763012811253
benign (49).png,benign,datasets/Breast-Cancer-Ultrasound-Images-Dataset/Dataset_BUSI_with_GT\benign\benign (49).png,benign (49),777,576,1.3489583333333333,RGB,1,86.13496979121979,71.99732206482967,0,255,1.0,210.0,efa77d7fdc63cc3eabed6276cb7f336f,a1e8de9531de9330,143015,0.3195494601744602,True,0.5231660231660231,0.390625,0.7446403313246575,0.9919565626502918,0.8084998806994421,1.819935691318328,0.8399968643622376
benign (5).png,benign,datasets/Breast-Cancer-Ultrasound-Images-Dataset/Dataset_BUSI_with_GT\benign\benign (5).png,benign (5),549,496,1.1068548387096775,RGB,1,93.98917753687056,49.52753179230022,0,255,25.0,193.0,46043e8d74de32032ebfb8aa95f3b932,94e06b8fd391accc,3409,0.012519096304130678,True,0.46994535519125685,0.4415322580645161,0.8412581444421183,0.982495178756861,0.7688646389598328,1.2372881355932204,0.5889958867805846
benign (50).png,benign,datasets/Breast-Cancer-Ultrasound-Images-Dataset/Dataset_BUSI_with_GT\benign\benign (50).png,benign (50),884,581,1.5215146299483648,RGB,1,96.63979836605634,55.10139334752113,0,255,5.0,189.0,89972733de5c63993f1bbbe17c1bee9c,a59e6283d33c3cc3,14608,0.028442146089204912,True,0.29638009049773756,0.36919104991394147,0.7917981771963367,0.9857211340912204,0.7940803266026703,1.6132075471698113,0.7324241601341925
benign (51).png,benign,datasets/Breast-Cancer-Ultrasound-Images-Dataset/Dataset_BUSI_with_GT\benign\benign (51).png,benign (51),357,338,1.0562130177514792,RGB,1,83.40383372283824,66.53492751085635,0,255,1.0,197.0,e36f4a585a1b410965a7b5738c1fd871,94f67859c1672e86,1093,0.009058061094260189,True,0.5546218487394958,0.3328402366863905,0.8109964722808677,0.9801230477993375,0.7868541033434651,1.6785714285714286,0.7743555627010368
benign (52).png,benign,datasets/Breast-Cancer-Ultrasound-Images-Dataset/Dataset_BUSI_with_GT\benign\benign (52).png,benign (52),370,338,1.0946745562130178,RGB,1,77.26616024308332,61.28189842527219,0,255,1.0,186.0,d336083a3a0168d358e4a6d3db701c73,ce8da9693b9a8692,1284,0.010267071805533344,True,0.6675675675675675,0.20266272189349113,0.6524499336206672,0.9544025157232704,0.7107728337236534,2.1785714285714284,0.8793579463200737
benign (53).png,benign,datasets/Breast-Cancer-Ultrasound-Images-Dataset/Dataset_BUSI_with_GT\benign\benign (53).png,benign (53),552,492,1.1219512195121952,RGB,1,58.36810342288206,52.86624133246572,0,255,1.0,157.0,d51d392f55e0497a7f75b97bbb041872,b9c58612f3e9c992,4931,0.018156445151408036,True,0.6983695652173914,0.3851626016260163,0.8178827379625394,0.9857538177718561,0.7919960474308301,1.393939393939394,0.7364089074774448
benign (54).png,benign,datasets/Breast-Cancer-Ultrasound-Images-Dataset/Dataset_BUSI_with_GT\benign\benign (54).png,benign (54),616,468,1.3162393162393162,RGB,2,77.82443944943945,63.260917337188296,0,255,1.0,194.0,f0397726a90ed33ce566d52b3cd06d8b,b5cd4c1391716d6c,20750,0.07197663447663448,True,0.5625,0.2745726495726496,0.6742501389796914,0.9786571925001945,0.7939493393924093,2.284313725490196,0.9042001835110114
benign (55).png,benign,datasets/Breast-Cancer-Ultrasound-Images-Dataset/Dataset_BUSI_with_GT\benign\benign (55).png,benign (55),763,614,1.242671009771987,RGB,1,97.77351317660016,59.63907710882692,0,255,2.0,199.0,691d661d4f66235140b60e6eceeb7409,8df27605314a8f9b,8946,0.019095717658309176,True,0.36435124508519,0.495928338762215,0.8590987818132748,0.987410071942446,0.8302457466918715,1.25,0.5480371950080521
benign (56).png,benign,datasets/Breast-Cancer-Ultrasound-Images-Dataset/Dataset_BUSI_with_GT\benign\benign (56).png,benign (56),806,711,1.1336146272855134,RGB,1,58.377588270809994,35.88740243671236,0,255,14.0,130.0,30c12e98d97d5d1d329614801712de14,94b67a4d47e0313b,34453,0.06012047477951929,True,0.35049627791563276,0.27848101265822783,0.7052120304871391,0.9796952856876175,0.7057369248593182,1.9119496855345912,0.8769697109775819
benign (57).png,benign,datasets/Breast-Cancer-Ultrasound-Images-Dataset/Dataset_BUSI_with_GT\benign\benign (57).png,benign (57),555,470,1.1808510638297873,RGB,1,52.995246310139926,48.73923494695215,0,255,1.0,152.0,cb5def78de23423d64b76d0264ade82f,98b0be5ac9e9c9c1,3536,0.013555683342917386,True,0.5432432432432432,0.19787234042553192,0.8061008193931831,0.9866360109211093,0.7711141060197664,1.5849056603773586,0.8042257283275227
benign (58).png,benign,datasets/Breast-Cancer-Ultrasound-Images-Dataset/Dataset_BUSI_with_GT\benign\benign (58).png,benign (58),781,572,1.3653846153846154,RGB,2,83.93830976961578,61.54562412347534,0,255,3.0,189.0,78ef368ccc879b8f889f43c6940be0ae,e7b87843878786c6,14751,0.033019797104304145,True,0.38092189500640206,0.1888111888111888,0.7585359828383139,0.9862600081422174,0.7327099505998589,1.6697247706422018,0.7886746716179295
benign (59).png,benign,datasets/Breast-Cancer-Ultrasound-Images-Dataset/Dataset_BUSI_with_GT\benign\benign (59).png,benign (59),563,468,1.202991452991453,RGB,1,94.84235475398886,70.92824917572969,0,255,10.0,221.0,1c54ce16d8302a171d84e9efe0216ffe,e5c9c99e96b63421,13832,0.05249654627985001,True,0.7193605683836589,0.2361111111111111,0.7954720848377728,0.9904789592266879,0.7607457854192252,1.5943396226415094,0.8095250879180214
benign (6).png,benign,datasets/Breast-Cancer-Ultrasound-Images-Dataset/Dataset_BUSI_with_GT\benign\benign (6).png,benign (6),558,467,1.1948608137044967,RGB,1,63.6074079190747,47.89688142518345,0,255,14.0,160.0,d6274595b976caacdc96d4f9a6d94f70,97aded929260706d,7412,0.028443584843391434,True,0.6783154121863799,0.2740899357601713,0.8038427347506341,0.9803577455281809,0.7790173782450118,1.4936708860759493,0.7315494610731911
benign (60).png,benign,datasets/Breast-Cancer-Ultrasound-Images-Dataset/Dataset_BUSI_with_GT\benign\benign (60).png,benign (60),759,598,1.2692307692307692,RGB,1,70.27254881224636,65.9865800723995,0,255,1.0,191.0,e5335a74c7431a6f830d72f6f48bf907,a884f477aa2b1b1b,2427,0.00534720478009703,True,0.5909090909090909,0.15133779264214048,0.7335312982715336,0.9759615384615384,0.7886824324324324,1.85,0.8554500116142207
benign (61).png,benign,datasets/Breast-Cancer-Ultrasound-Images-Dataset/Dataset_BUSI_with_GT\benign\benign (61).png,benign (61),773,578,1.3373702422145328,RGB,1,99.71998504903826,43.121445875213816,0,251,28.0,170.0,fb0528ac132d5194fca39667d3b6ffa8,80a03ec4729ff3d9,19209,0.04299296767637882,True,0.8318240620957309,0.2664359861591695,0.7763266803085644,0.9907250163291966,0.817276606750291,1.882882882882883,0.8231197433053136
benign (62).png,benign,datasets/Breast-Cancer-Ultrasound-Images-Dataset/Dataset_BUSI_with_GT\benign\benign (62).png,benign (62),389,594,0.6548821548821548,RGB,1,95.75022288004293,67.84802611779625,0,255,14.0,212.0,da69aaae86e2b2112abf7348895d1619,97e888b7682a276d,49722,0.21518527174054167,True,0.6105398457583547,0.45454545454545453,0.8242300312673471,0.9907420423737323,0.7986724947385462,1.3615023474178405,0.7301755202960744
benign (63).png,benign,datasets/Breast-Cancer-Ultrasound-Images-Dataset/Dataset_BUSI_with_GT\benign\benign (63).png,benign (63),608,660,0.9212121212121213,RGB,1,64.36893440988835,37.919533036242505,0,255,9.0,131.0,7da06bd70cbc1b1f432684dfcb20d78c,9996ce4a42b53e99,3949,0.009841008771929824,True,0.5361842105263158,0.4257575757575758,0.7718440459746473,0.9752160650737163,0.7336966915280169,1.3174603174603174,0.8019407689420184
benign (64).png,benign,datasets/Breast-Cancer-Ultrasound-Images-Dataset/Dataset_BUSI_with_GT\benign\benign (64).png,benign (64),610,471,1.2951167728237791,RGB,1,73.13426960426021,50.99259539736076,0,255,14.0,175.0,025fc50e0168625479b866ff1a4df2f8,9d9497c591d3c0d9,128953,0.4488287912011416,True,0.509016393442623,0.43630573248407645,0.785041890233746,0.9896090376310919,0.7329767425921272,1.532544378698225,0.7895928288149826
benign (65).png,benign,datasets/Breast-Cancer-Ultrasound-Images-Dataset/Dataset_BUSI_with_GT\benign\benign (65).png,benign (65),564,474,1.1898734177215189,RGB,1,82.82204416913547,49.5644491227997,0,255,12.0,174.0,99b6ade531e04608fe2b5b87942d077d,d6e0298df2929ae9,11242,0.04205194960648771,True,0.6675531914893617,0.21308016877637131,0.7984248400118623,0.9827180239015505,0.7809631407993222,1.5051546391752577,0.8013049856157388
benign (66).png,benign,datasets/Breast-Cancer-Ultrasound-Images-Dataset/Dataset_BUSI_with_GT\benign\benign (66).png,benign (66),562,473,1.1881606765327695,RGB,1,74.55660093444584,57.19454981389925,0,255,9.0,184.0,d07303cac7b191efd0e1bee1ec633a17,b7ebda941409c9d4,8318,0.0312911453356707,True,0.7580071174377224,0.36469344608879495,0.8514266947773124,0.990168709794878,0.874946374946375,1.3214285714285714,0.6526256536142715
benign (67).png,benign,datasets/Breast-Cancer-Ultrasound-Images-Dataset/Dataset_BUSI_with_GT\benign\benign (67).png,benign (67),516,467,1.1049250535331905,RGB,1,90.90470262105141,58.69403022257201,0,255,5.0,195.0,212c1e57a669af2cd4da618712ba7573,d0ad863d91e22fb1,44240,0.18358979466494033,True,0.4321705426356589,0.6659528907922913,0.7915272504874145,0.9904710292191663,0.8272324375294672,1.7314285714285715,0.8314685096362938
benign (68).png,benign,datasets/Breast-Cancer-Ultrasound-Images-Dataset/Dataset_BUSI_with_GT\benign\benign (68).png,benign (68),682,587,1.161839863713799,RGB,1,97.82350737134493,74.65175530907173,0,255,1.0,222.0,7a79148847eb1f89da9d58f46db0db09,b5e29295ccd298ec,79154,0.19771990388025998,True,0.623900293255132,0.3534923339011925,0.870937443555565,0.9908835065760894,0.780153269619701,1.1059602649006623,0.43398033178226103
benign (69).png,benign,datasets/Breast-Cancer-Ultrasound-Images-Dataset/Dataset_BUSI_with_GT\benign\benign (69).png,benign (69),811,719,1.1279554937413074,RGB,1,64.13667599025226,40.082710891778206,0,255,12.0,138.0,0c4fc038967a415061730177ef712cd3,95f77a4866672590,5174,0.008873126636700857,True,0.48212083847102344,0.5,0.7014530030284991,0.9773013871374527,0.7839246809835045,2.2037037037037037,0.8917085168064527
benign (7).png,benign,datasets/Breast-Cancer-Ultrasound-Images-Dataset/Dataset_BUSI_with_GT\benign\benign (7).png,benign (7),624,578,1.0795847750865053,RGB,1,109.48447065477775,51.44498622637999,0,255,32.0,194.0,d77bccddb7e8e13fb51a6c813dbc9210,def92147663e88a1,2204,0.00611081536687073,True,0.7427884615384616,0.23615916955017302,0.7429393035396424,0.968235831809872,0.7609554597701149,1.2083333333333333,0.6450796270511845
benign (70).png,benign,datasets/Breast-Cancer-Ultrasound-Images-Dataset/Dataset_BUSI_with_GT\benign\benign (70).png,benign (70),713,475,1.5010526315789474,RGB,1,63.17775153170444,34.89122166887948,0,227,20.0,132.0,4edd8b3991b33629d724dd7ceab1ab9c,85d3f24c54a59bb1,3495,0.010319627961910386,True,0.3548387096774194,0.28526315789473683,0.5482530804539596,0.9626822991135259,0.7221149721149721,2.642857142857143,0.9381748665028238
benign (71).png,benign,datasets/Breast-Cancer-Ultrasound-Images-Dataset/Dataset_BUSI_with_GT\benign\benign (71).png,benign (71),554,469,1.1812366737739872,RGB,1,60.87136776150193,38.39078140137566,0,227,16.0,136.0,8ec2d02b6fa725f4b4797c8a6e2417c9,fbe1249c9ae0d1d2,2315,0.008909808872091323,True,0.4503610108303249,0.23560767590618337,0.8004074418279487,0.9740344752345625,0.7126436781609196,1.0740740740740742,0.63786523897529
benign (72).png,benign,datasets/Breast-Cancer-Ultrasound-Images-Dataset/Dataset_BUSI_with_GT\benign\benign (72).png,benign (72),557,465,1.1978494623655913,RGB,1,91.33820582614236,64.15957076673435,0,255,11.0,207.0,570f5bed543b58b670eb91a1b2e085e1,e09ea5e1f31d18f0,20685,0.07986332310187062,True,0.2199281867145422,0.34946236559139787,0.8350102957544598,0.9865119196988708,0.7748067010309279,1.4264705882352942,0.7336684662658267
benign (73).png,benign,datasets/Breast-Cancer-Ultrasound-Images-Dataset/Dataset_BUSI_with_GT\benign\benign (73).png,benign (73),557,471,1.1825902335456475,RGB,1,98.2603650889852,57.9411143088441,0,255,1.0,195.0,968bfdea7a0b517e2ea4f712ff23a5cd,b46a9a9cb59391b4,61594,0.23478065310447613,True,0.6310592459605027,0.34288747346072185,0.8504160637866379,0.9910565285721229,0.8179423406076166,1.2357723577235773,0.6590320882260616
benign (74).png,benign,datasets/Breast-Cancer-Ultrasound-Images-Dataset/Dataset_BUSI_with_GT\benign\benign (74).png,benign (74),561,467,1.2012847965738758,RGB,1,92.96037971349723,58.98389517033957,0,255,13.0,197.0,48bb7e4be7a1a5ec2c841e03c0d243f2,99e462397d5e9382,2108,0.008046200765686847,True,0.8235294117647058,0.31156316916488225,0.763077206259397,0.9808577659316695,0.7784615384615384,1.625,0.846882455204656
benign (75).png,benign,datasets/Breast-Cancer-Ultrasound-Images-Dataset/Dataset_BUSI_with_GT\benign\benign (75).png,benign (75),685,578,1.185121107266436,RGB,1,79.7133937817291,47.65941925434249,0,247,13.0,167.0,f5f528ebb86e4486c6e6f786c4efaba8,c4b32c2c73d38ecc,14123,0.035670446796150834,True,0.4474452554744526,0.4679930795847751,0.7848651312901144,0.9820691115738943,0.7759649709950914,1.537037037037037,0.8001541506398502
benign (76).png,benign,datasets/Breast-Cancer-Ultrasound-Images-Dataset/Dataset_BUSI_with_GT\benign\benign (76).png,benign (76),848,685,1.237956204379562,RGB,1,79.30754028370748,38.433944180939896,0,229,31.0,153.0,d7f9e01a6da7ed5ffd5d505a20a8880b,98fc6307c7b8b0ac,10263,0.01766802093375568,True,0.3113207547169811,0.3218978102189781,0.8525195788611064,0.9861226484241388,0.8042802486848398,1.2058823529411764,0.5827789675007894
benign (77).png,benign,datasets/Breast-Cancer-Ultrasound-Images-Dataset/Dataset_BUSI_with_GT\benign\benign (77).png,benign (77),551,488,1.1290983606557377,RGB,1,30.187524173633633,36.35840979876107,0,221,1.0,104.0,17e0cd67dfed31c10608570a2c568691,98a8e5f2d2d5c5c1,7983,0.029688941120466515,True,0.6705989110707804,0.29815573770491804,0.8646658414076893,0.9833678528839516,0.7837134853941576,1.0408163265306123,0.3984561176912708
benign (78).png,benign,datasets/Breast-Cancer-Ultrasound-Images-Dataset/Dataset_BUSI_with_GT\benign\benign (78).png,benign (78),777,576,1.3489583333333333,RGB,1,101.49453247890747,55.4455571253554,0,255,16.0,195.0,6ff49bffd9ea4426e37b19b1393ffe5c,d2fb2c858cdab381,5828,0.013021950521950522,True,0.39703989703989706,0.2508680555555556,0.8738074961377369,0.9863298148468593,0.8096590909090909,1.1,0.5356360336577857
benign (79).png,benign,datasets/Breast-Cancer-Ultrasound-Images-Dataset/Dataset_BUSI_with_GT\benign\benign (79).png,benign (79),648,604,1.0728476821192052,RGB,1,47.239051896819554,32.79676916223041,0,237,1.0,109.0,46277cfc84f0d477742eb71be0656afb,b2f0d9cf8d0c8e4c,18767,0.04794937045212983,True,0.44290123456790126,0.16887417218543047,0.8368473305860443,0.9878474535618155,0.7974484746783701,1.4409448818897639,0.72836731011954
benign (8).png,benign,datasets/Breast-Cancer-Ultrasound-Images-Dataset/Dataset_BUSI_with_GT\benign\benign (8).png,benign (8),617,585,1.0547008547008547,RGB,1,107.80560196151768,50.61680767242265,0,255,29.0,193.0,9b2b5eaf768817119fe1f6a2cd3d0cbc,e9a716587c26a6ca,3997,0.011073709290889194,True,0.5364667747163695,0.3623931623931624,0.8256575497732859,0.9831752055660974,0.8213908264637497,1.456140350877193,0.7266780559385599
benign (80).png,benign,datasets/Breast-Cancer-Ultrasound-Images-Dataset/Dataset_BUSI_with_GT\benign\benign (80).png,benign (80),561,473,1.186046511627907,RGB,1,76.20206291242232,70.40568883936004,0,255,2.0,212.0,bb888697a5ce5a56460ca90cbdaee5ba,97e9ca9668ca334c,60746,0.22892524297822148,True,0.5169340463458111,0.4788583509513742,0.8402388492020726,0.9898682461811081,0.7688224799286352,1.1090225563909775,0.6657134472883763
benign (81).png,benign,datasets/Breast-Cancer-Ultrasound-Images-Dataset/Dataset_BUSI_with_GT\benign\benign (81).png,benign (81),563,464,1.2133620689655173,RGB,1,93.07042781895021,54.4824636153737,0,255,22.0,191.0,6b8273ec7b7f2b284512a7d395a09793,fce28299293d6cd4,4011,0.015354167942671648,True,0.5062166962699822,0.30280172413793105,0.8252185843384546,0.9823855057876195,0.7736821244550138,1.5,0.7328416871526007
benign (82).png,benign,datasets/Breast-Cancer-Ultrasound-Images-Dataset/Dataset_BUSI_with_GT\benign\benign (82).png,benign (82),656,458,1.4323144104803494,RGB,1,57.26210192778784,46.95243876813285,0,255,1.0,143.0,80ab48f1156e3d509de97137562bd0cc,d6dc1a0eecd2932c,14515,0.048311188624986685,True,0.6341463414634146,0.5131004366812227,0.833150256972685,0.984686327815823,0.7992290933467404,1.3076923076923077,0.719293180899506
benign (83).png,benign,datasets/Breast-Cancer-Ultrasound-Images-Dataset/Dataset_BUSI_with_GT\benign\benign (83).png,benign (83),581,432,1.3449074074074074,RGB,2,107.04639988525531,63.69987438049824,17,255,33.0,229.0,a36a4da2466d53177db2f3a83bfcc2d8,f1e9283786c6c6b1,4241,0.016896952890928796,True,0.5387263339070568,0.23148148148148148,0.7954852041809384,0.9797354948805461,0.8029720279720279,1.4772727272727273,0.6769549941075017
benign (84).png,benign,datasets/Breast-Cancer-Ultrasound-Images-Dataset/Dataset_BUSI_with_GT\benign\benign (84).png,benign (84),839,510,1.6450980392156862,RGB,1,64.40336768795719,49.71432124702053,0,249,1.0,164.0,f33bd07c6e9f57527e974a8e1de8f28e,d544939646ac6cdb,45021,0.10521629390731263,True,0.6477949940405244,0.3803921568627451,0.6144779896821144,0.9832348661875578,0.6450710132770241,2.110497237569061,0.9209939555938387
benign (85).png,benign,datasets/Breast-Cancer-Ultrasound-Images-Dataset/Dataset_BUSI_with_GT\benign\benign (85).png,benign (85),561,465,1.206451612903226,RGB,1,72.75648323845667,49.63508512319944,0,255,9.0,161.0,f434245331a22cc76a20996535496f03,97adf2f0c8c890b9,28115,0.10777605274758975,True,0.25668449197860965,0.2086021505376344,0.8122582963942734,0.9860170843228299,0.8263820812167662,1.5578231292517006,0.7791985550938392
benign (86).png,benign,datasets/Breast-Cancer-Ultrasound-Images-Dataset/Dataset_BUSI_with_GT\benign\benign (86).png,benign (86),777,578,1.3442906574394464,RGB,1,94.33564236505413,59.10591008803117,0,255,11.0,192.0,465533281cfccf15dd684b1397cfc919,9bee74508169799c,3074,0.006844709266854596,True,0.3120978120978121,0.3157439446366782,0.6569793691996125,0.9673682493065753,0.7720052083333333,2.4,0.924341355406598
benign (87).png,benign,datasets/Breast-Cancer-Ultrasound-Images-Dataset/Dataset_BUSI_with_GT\benign\benign (87).png,benign (87),768,571,1.3450087565674256,RGB,1,76.27478747081145,50.70686423567905,0,255,8.0,169.0,de13dc7dfcd34a639f04d9a0a02f44a6,a1a878c6c6d3b6cc,8875,0.020238160391126678,True,0.3984375,0.3563922942206655,0.36543385956702834,0.911881240424745,0.6845256979695431,3.078125,0.9607153091002995
benign (88).png,benign,datasets/Breast-Cancer-Ultrasound-Images-Dataset/Dataset_BUSI_with_GT\benign\benign (88).png,benign (88),873,560,1.5589285714285714,RGB,1,64.50733308787433,56.816853873149945,0,255,1.0,172.0,58f1a08beb7a44cb0de9436ca4d0d85b,a5d4a7a55a19c1f8,38760,0.07928325969563083,True,0.8556701030927835,0.45267857142857143,0.8570289852960449,0.9903837477602898,0.8520872149764883,1.0833333333333333,0.4563325619589389
benign (89).png,benign,datasets/Breast-Cancer-Ultrasound-Images-Dataset/Dataset_BUSI_with_GT\benign\benign (89).png,benign (89),893,576,1.5503472222222223,RGB,1,92.52280274045042,58.90444663732578,0,255,14.0,195.0,d5cab5dbfcff96bfe1a5aa9614953da8,caee37b5b0c08e8c,8041,0.015632776533532414,True,0.167973124300112,0.2300347222222222,0.8341192706180796,0.9852582922106315,0.7974216380182002,1.3372093023255813,0.7148454265553391
benign (9).png,benign,datasets/Breast-Cancer-Ultrasound-Images-Dataset/Dataset_BUSI_with_GT\benign\benign (9).png,benign (9),752,585,1.2854700854700856,RGB,1,49.57243362429533,60.26786172646112,0,255,1.0,174.0,fc89a35fe2d81190c6f06f16c71ce196,c3f8b4c6e13d8e82,48785,0.11089516275686488,True,0.3484042553191489,0.32735042735042735,0.8278101348591138,0.990243802667103,0.7398832446971086,1.2587719298245614,0.6062381750260788
benign (90).png,benign,datasets/Breast-Cancer-Ultrasound-Images-Dataset/Dataset_BUSI_with_GT\benign\benign (90).png,benign (90),772,574,1.3449477351916377,RGB,1,100.76275703634164,72.47240371456682,0,255,8.0,217.0,59414753d2b72b57b7367aee026637df,b38b4b38707737a0,3287,0.00741772129046235,True,0.36204663212435234,0.32752613240418116,0.8530363940169426,0.9785144260282382,0.8165983606557377,1.0491803278688525,0.4479749014193506
benign (91).png,benign,datasets/Breast-Cancer-Ultrasound-Images-Dataset/Dataset_BUSI_with_GT\benign\benign (91).png,benign (91),806,704,1.1448863636363635,RGB,1,51.64350291845251,36.29962908953195,0,255,8.0,125.0,2651ce48c1b7ce6af1581ef11e236505,84847b336b5ad1d5,3430,0.006044862395668847,True,0.5626550868486352,0.23082386363636365,0.6973417986421067,0.973437041385383,0.8018617021276596,2.1363636363636362,0.8771941705019678
benign (92).png,benign,datasets/Breast-Cancer-Ultrasound-Images-Dataset/Dataset_BUSI_with_GT\benign\benign (92).png,benign (92),763,612,1.2467320261437909,RGB,2,95.67297775379265,61.04326340600798,0,255,5.0,198.0,a8fa5ba4d76fc9355f447bbd6e78f48b,90f3cf1c948c6a73,29750,0.063710499490316,True,0.5871559633027523,0.2589869281045752,0.8015052712271227,0.9762628180782378,0.7284621197808426,1.2721518987341771,0.7205412603915005
benign (93).png,benign,datasets/Breast-Cancer-Ultrasound-Images-Dataset/Dataset_BUSI_with_GT\benign\benign (93).png,benign (93),561,466,1.203862660944206,RGB,2,82.45455693006816,63.715469441059675,0,255,5.0,195.75,ad8a4e94854b4689aa10980fc7bba3b5,b49c1f49fc70e0e1,9830,0.03760146274662811,True,0.32976827094474154,0.2446351931330472,0.6812790163949756,0.9789397764154345,0.6565886222910217,1.7894736842105263,0.8866266986546726
benign (94).png,benign,datasets/Breast-Cancer-Ultrasound-Images-Dataset/Dataset_BUSI_with_GT\benign\benign (94).png,benign (94),767,583,1.3156089193825042,RGB,1,100.87370991656249,41.84273740259212,0,255,29.0,167.0,aa42149d8dc1fa5e83bcc75c23211ab8,80a03ec4339ff3d9,10379,0.02321087930298036,True,0.8500651890482399,0.29759862778730706,0.6707799082871417,0.964590039765196,0.7181728464683491,2.1097560975609757,0.8931269496613364
benign (95).png,benign,datasets/Breast-Cancer-Ultrasound-Images-Dataset/Dataset_BUSI_with_GT\benign\benign (95).png,benign (95),558,470,1.1872340425531915,RGB,1,79.12548615877374,57.41016059466082,0,255,7.0,184.0,e0036420a6cf5ba1f686e199f36a295a,89844252f4a4fddf,3486,0.013292152825440403,True,0.21505376344086022,0.28297872340425534,0.8357341739396154,0.9800115874855156,0.8014688462449656,1.0634920634920635,0.5864296346022586
benign (96).png,benign,datasets/Breast-Cancer-Ultrasound-Images-Dataset/Dataset_BUSI_with_GT\benign\benign (96).png,benign (96),767,574,1.3362369337979094,RGB,1,92.48368002398594,62.31990814148316,0,255,6.0,193.0,459399bc00ab44a6b686aec266e39c30,c4b9e34e33f1dc80,60695,0.1378623443526296,True,0.29921773142112124,0.5174216027874564,0.7897814269547158,0.988293162813576,0.7233235731771709,1.3227091633466135,0.7574408242979315
benign (97).png,benign,datasets/Breast-Cancer-Ultrasound-Images-Dataset/Dataset_BUSI_with_GT\benign\benign (97).png,benign (97),592,470,1.2595744680851064,RGB,1,90.27650589419207,54.54561124619796,0,255,21.0,196.0,b4d166369e2abeca0df5e1fde7fb66ca,94d5756468919797,48233,0.17335034502587693,True,0.6925675675675675,0.5861702127659575,0.7894230169656935,0.9865564238437906,0.7715515851259394,1.5198019801980198,0.7895246089386388
benign (98).png,benign,datasets/Breast-Cancer-Ultrasound-Images-Dataset/Dataset_BUSI_with_GT\benign\benign (98).png,benign (98),795,558,1.424731182795699,RGB,2,98.26350623295237,65.4400903691352,0,255,5.0,202.0,5e0c1926a49d544b09475c76524d4341,9180cab525db3bcb,140672,0.31710736908545795,True,0.43647798742138366,0.45340501792114696,0.7302163622422756,0.9897536937534921,0.8128946333317232,2.0950570342205324,0.8738105294737544
benign (99).png,benign,datasets/Breast-Cancer-Ultrasound-Images-Dataset/Dataset_BUSI_with_GT\benign\benign (99).png,benign (99),554,471,1.1762208067940552,RGB,1,84.5028781224371,49.497842661405784,0,255,14.0,175.0,f827814381c2806080b0ff0f464416a1,d6e0299dd2929ae9,11116,0.042600810933032876,True,0.6732851985559567,0.21868365180467092,0.7801087945303837,0.980705375572108,0.7825277479412818,1.5473684210526315,0.8162268265792637
malignant (1).png,malignant,datasets/Breast-Cancer-Ultrasound-Images-Dataset/Dataset_BUSI_with_GT\malignant\malignant (1).png,malignant (1),449,598,0.7508361204013378,RGB,1,118.2128848202248,61.458347895612924,0,255,35.0,223.0,638a40ba92a48d5275b08d552229fec9,dae885953e4e3269,90995,0.338898779152483,True,0.4977728285077951,0.44816053511705684,0.5825766276603411,0.9237846485690774,0.7718839688396884,1.5940959409594095,0.8401190480925621
malignant (10).png,malignant,datasets/Breast-Cancer-Ultrasound-Images-Dataset/Dataset_BUSI_with_GT\malignant\malignant (10).png,malignant (10),462,393,1.1755725190839694,RGB,1,87.45889648943084,47.887305836268645,0,255,21.0,180.0,2bbb1f3b5f91915d58a011e6cc649a00,d7a60a89b1dbc2a5,5469,0.030121278212881266,True,0.553030303030303,0.1895674300254453,0.5927530940187524,0.8891955176450912,0.6816025641025641,1.2820512820512822,0.6142599318282373
malignant (100).png,malignant,datasets/Breast-Cancer-Ultrasound-Images-Dataset/Dataset_BUSI_with_GT\malignant\malignant (100).png,malignant (100),557,476,1.1701680672268908,RGB,1,97.37731017002851,59.73056403884149,0,255,19.0,198.0,7ad9fc484802184293ad8cadc23370ac,b1a3dec888b0fab1,15909,0.06000407344266252,True,0.4964093357271095,0.27205882352941174,0.4428381254959559,0.8339208460182663,0.5513241525423729,1.9666666666666666,0.8981752549625222
malignant (101).png,malignant,datasets/Breast-Cancer-Ultrasound-Images-Dataset/Dataset_BUSI_with_GT\malignant\malignant (101).png,malignant (101),883,559,1.5796064400715564,RGB,1,55.84004562426433,35.766820399471364,0,255,1.0,117.0,3b2c6bf672f86afaf338888a6d443a91,f1d109a4663697e6,68531,0.13883998484593707,True,0.49660249150622876,0.4186046511627907,0.31746040863681374,0.771340318782211,0.6014984562972426,1.4480286738351253,0.8260715604532803
malignant (102).png,malignant,datasets/Breast-Cancer-Ultrasound-Images-Dataset/Dataset_BUSI_with_GT\malignant\malignant (102).png,malignant (102),916,551,1.662431941923775,RGB,1,51.297210708596516,34.157040852252464,0,217,1.0,114.0,bf19585179da94020ffc0bd81b5215a6,91c54432338dcf7e,63800,0.12640772236267525,True,0.41866812227074235,0.4900181488203267,0.4129109434350785,0.8367011838237242,0.5598617756512493,1.3894736842105264,0.737537149230417
malignant (103).png,malignant,datasets/Breast-Cancer-Ultrasound-Images-Dataset/Dataset_BUSI_with_GT\malignant\malignant (103).png,malignant (103),555,488,1.1372950819672132,RGB,1,112.36898537882145,73.83874688511418,0,255,9.0,222.0,c1db90c34f377d33a6374300dd810e86,b3c34d2c3879b1b2,53424,0.19725299069561364,True,0.4144144144144144,0.4415983606557377,0.5020059723260025,0.8616822886552603,0.7092717717717718,0.8993055555555556,0.6573554484902079
malignant (104).png,malignant,datasets/Breast-Cancer-Ultrasound-Images-Dataset/Dataset_BUSI_with_GT\malignant\malignant (104).png,malignant (104),554,494,1.1214574898785425,RGB,1,105.51911384264605,62.31755707023394,0,255,11.0,201.0,543151e6c9fa04f450f67820dfae0725,b4c29bb969743643,47473,0.1734642423888101,True,0.48375451263537905,0.44635627530364375,0.3266959427802576,0.7722879952544551,0.6010541434763651,1.2086614173228347,0.44256660380640933
malignant (105).png,malignant,datasets/Breast-Cancer-Ultrasound-Images-Dataset/Dataset_BUSI_with_GT\malignant\malignant (105).png,malignant (105),577,450,1.2822222222222222,RGB,1,87.2294473329482,53.078263991944794,0,255,8.0,178.0,fa20dfe163aeed2ae6e922475f0fda28,d4a021cbde95e4d6,7245,0.027902946273830154,True,0.9020797227036396,0.22111111111111112,0.5690366720691065,0.8576629049872588,0.6310714285714286,1.12,0.3960588903096495
malignant (106).png,malignant,datasets/Breast-Cancer-Ultrasound-Images-Dataset/Dataset_BUSI_with_GT\malignant\malignant (106).png,malignant (106),667,458,1.4563318777292575,RGB,1,76.65342765298574,54.74391059818644,0,255,2.0,174.0,4e8a94160595d686199564afa5e574cc,93800c5de787bdca,21853,0.07153519310213889,True,0.2841079460269865,0.5240174672489083,0.36833536549661644,0.7658936853371388,0.5706539074960127,1.3818181818181818,0.6486585159853786
malignant (107).png,malignant,datasets/Breast-Cancer-Ultrasound-Images-Dataset/Dataset_BUSI_with_GT\malignant\malignant (107).png,malignant (107),576,454,1.2687224669603525,RGB,1,83.53736845325501,53.52782618052873,0,255,8.0,175.0,d1ec1bd5a9c6dcb35660c73d6ff41ba8,91eb0f56f0e08dca,31747,0.12140158467939305,True,0.5,0.40859030837004406,0.4193408741919972,0.814962729768053,0.5218148197507829,2.0290697674418605,0.8702446245273618
malignant (108).png,malignant,datasets/Breast-Cancer-Ultrasound-Images-Dataset/Dataset_BUSI_with_GT\malignant\malignant (108).png,malignant (108),660,459,1.4379084967320261,RGB,1,64.46370238331022,49.17273901195356,0,255,3.0,165.0,8aa12efc1211436a70faf102139555ce,808085e13fcfdf93,47983,0.1583911005479633,True,0.6068181818181818,0.545751633986928,0.4825733901546322,0.8756200556897601,0.6321422865967304,2.3707865168539324,0.9187071117117437
malignant (109).png,malignant,datasets/Breast-Cancer-Ultrasound-Images-Dataset/Dataset_BUSI_with_GT\malignant\malignant (109).png,malignant (109),552,471,1.1719745222929936,RGB,1,88.27224683836425,43.01177405557094,0,255,27.0,172.0,89f30f1ec9c1d3f1029f32d8bbb58256,d3b208f8d6a4b9b8,20068,0.07718699036893444,True,0.38405797101449274,0.3227176220806794,0.41635567902453957,0.9047313258262046,0.5470366364367529,2.546218487394958,0.9527084884938286
malignant (11).png,malignant,datasets/Breast-Cancer-Ultrasound-Images-Dataset/Dataset_BUSI_with_GT\malignant\malignant (11).png,malignant (11),471,393,1.1984732824427482,RGB,1,78.72385104509381,40.45518229771983,0,250,17.0,155.0,5e68046afdb41ceeea3d5fdb0faa522a,8ff01ae2009dd9d7,11540,0.06234366811991162,True,0.6284501061571125,0.5432569974554707,0.4112686665166429,0.7539762095696337,0.4959340659340659,1.3461538461538463,0.813985203161943
malignant (110).png,malignant,datasets/Breast-Cancer-Ultrasound-Images-Dataset/Dataset_BUSI_with_GT\malignant\malignant (110).png,malignant (110),557,470,1.1851063829787234,RGB,1,108.25023492111998,48.87140921913295,0,255,33.0,199.0,1c920de7fadb2b0b11b4b9de89056e9f,a3d81ce24f9cb4b2,8899,0.03399289506856641,True,0.4757630161579892,0.573404255319149,0.6648514379826712,0.899958703283089,0.7561589174184594,1.4886363636363635,0.7625703502163756
malignant (111).png,malignant,datasets/Breast-Cancer-Ultrasound-Images-Dataset/Dataset_BUSI_with_GT\malignant\malignant (111).png,malignant (111),421,470,0.8957446808510638,RGB,1,66.3593672613332,46.05819806615137,0,241,7.0,155.0,fb4ffa9566351f548d6786907f205ac2,a095cf49376e3b24,41870,0.21160357810683783,True,0.45605700712589076,0.44893617021276594,0.6081676784225648,0.9226909082816864,0.6742856678213072,1.5527638190954773,0.7282302818274465
malignant (112).png,malignant,datasets/Breast-Cancer-Ultrasound-Images-Dataset/Dataset_BUSI_with_GT\malignant\malignant (112).png,malignant (112),549,471,1.1656050955414012,RGB,1,87.20034109498451,48.063602882379776,0,255,21.0,180.0,8ca6806c02a8b745e6b2848448f74f2a,d7a60a89b1dbc227,5164,0.019970685941240393,True,0.5473588342440802,0.14012738853503184,0.7053038459500239,0.9682417476662496,0.7129393424036281,1.7777777777777777,0.8847822891935848
malignant (113).png,malignant,datasets/Breast-Cancer-Ultrasound-Images-Dataset/Dataset_BUSI_with_GT\malignant\malignant (113).png,malignant (113),745,482,1.545643153526971,RGB,1,71.67321841321117,42.644265653622895,0,255,1.0,151.0,fd986af7ce8415e5d157d082f37666e7,84c159874f948bfe,19181,0.053415578267286754,True,0.5953020134228187,0.5093360995850622,0.42603923364413027,0.7710178122251988,0.5459626969416126,1.2530120481927711,0.681200082375762
malignant (114).png,malignant,datasets/Breast-Cancer-Ultrasound-Images-Dataset/Dataset_BUSI_with_GT\malignant\malignant (114).png,malignant (114),340,439,0.7744874715261959,RGB,1,63.29354817097682,46.91827814092881,0,247,4.0,149.0,c57a9498cf75869160ee79974ad3448a,a1f0decfed6420b0,27988,0.18751172450757067,True,0.4647058823529412,0.3337129840546697,0.5696482007513326,0.862746933807696,0.5349471728782074,1.3181818181818181,0.7391768452384216
malignant (115).png,malignant,datasets/Breast-Cancer-Ultrasound-Images-Dataset/Dataset_BUSI_with_GT\malignant\malignant (115).png,malignant (115),581,438,1.32648401826484,RGB,1,87.44973632298273,59.19582386439977,0,255,20.0,196.0,5ec1a90184341fec56be2bb04712bd9e,a484ce5b1bb97364,20719,0.08141764710505427,True,0.4810671256454389,0.3139269406392694,0.3273179184185862,0.6864363857374393,0.4520881515744529,1.896103896103896,0.8855503669971063
malignant (116).png,malignant,datasets/Breast-Cancer-Ultrasound-Images-Dataset/Dataset_BUSI_with_GT\malignant\malignant (116).png,malignant (116),582,434,1.3410138248847927,RGB,1,74.70887373905332,53.47449193541542,0,255,19.0,183.0,85e075f7c62426f49e859620fa30e067,8c9ab3a7a5656968,13582,0.05377135889274233,True,0.11683848797250859,0.2695852534562212,0.555447632465086,0.8598414028753788,0.6362768951862984,0.8954248366013072,0.7833168349763366
malignant (117).png,malignant,datasets/Breast-Cancer-Ultrasound-Images-Dataset/Dataset_BUSI_with_GT\malignant\malignant (117).png,malignant (117),611,434,1.4078341013824884,RGB,1,106.1973157247694,63.043916459885786,0,255,24.0,209.0,fe50babdaad4d062af42cb08fd8baf83,8c9c786343879f3c,22461,0.08470287433911318,True,0.23567921440261866,0.2684331797235023,0.4486068196964525,0.7991036738529375,0.5205292400414352,1.579268292682927,0.8837389860875295
malignant (118).png,malignant,datasets/Breast-Cancer-Ultrasound-Images-Dataset/Dataset_BUSI_with_GT\malignant\malignant (118).png,malignant (118),562,473,1.1881606765327695,RGB,1,80.08193329471158,62.96265120684489,0,255,7.0,195.0,79dd89db3f499f2febe9fd515d6294c2,e0c89b972f6ae0e4,30867,0.11611730981920504,True,0.5916370106761566,0.4249471458773784,0.7234661752250509,0.9432511311169104,0.7320007669446841,1.2459016393442623,0.629757188563982
malignant (119).png,malignant,datasets/Breast-Cancer-Ultrasound-Images-Dataset/Dataset_BUSI_with_GT\malignant\malignant (119).png,malignant (119),564,469,1.2025586353944564,RGB,1,79.61274932329235,62.866139961396044,0,255,7.0,195.0,5f486f1c4ba39a7e1c9d1297e7112fc7,e0c99b172e6ae0ec,28930,0.10936956554612953,True,0.6179078014184397,0.40405117270788915,0.5971877015884084,0.8820861678004536,0.5753743057232552,1.2178217821782178,0.5334081355529072
malignant (12).png,malignant,datasets/Breast-Cancer-Ultrasound-Images-Dataset/Dataset_BUSI_with_GT\malignant\malignant (12).png,malignant (12),479,392,1.221938775510204,RGB,1,108.448111499297,48.50751925023616,0,255,33.0,199.0,ea14f818e6d3ba2f6e8b285f2e1ce16f,a3d914e24f9cb0b3,5299,0.028220996122875038,True,0.4906054279749478,0.5803571428571429,0.5873987494312034,0.8432896890343698,0.7146324549237171,1.4714285714285715,0.7462098287333293
malignant (120).png,malignant,datasets/Breast-Cancer-Ultrasound-Images-Dataset/Dataset_BUSI_with_GT\malignant\malignant (120).png,malignant (120),564,470,1.2,RGB,1,86.6668854685378,62.76569681760538,0,255,11.0,198.0,6a4ff0369c3a75a9fee407a0fc09c4e8,e1e69f986468c2e6,45152,0.1703334842311755,True,0.6462765957446809,0.39680851063829786,0.6630325895564416,0.9499193445684935,0.7150194913087935,1.6979166666666667,0.8295456235363198
malignant (121).png,malignant,datasets/Breast-Cancer-Ultrasound-Images-Dataset/Dataset_BUSI_with_GT\malignant\malignant (121).png,malignant (121),562,476,1.180672268907563,RGB,1,98.08637369538563,62.95847452150988,0,255,18.0,208.0,0d64985e734433a34cdeb95ecd6c1143,c09a3d3d35c7d161,3512,0.013128383025808188,True,0.6912811387900356,0.2426470588235294,0.710744332135331,0.926036709721278,0.6334635416666666,1.3125,0.7240672904669043
malignant (122).png,malignant,datasets/Breast-Cancer-Ultrasound-Images-Dataset/Dataset_BUSI_with_GT\malignant\malignant (122).png,malignant (122),554,467,1.1862955032119915,RGB,1,83.64973059470157,61.61165054175916,0,255,9.0,195.0,7e5ba043019492f79ea75b2cb71b26c1,e1f49e8ba320e4e3,50519,0.1952666609976886,True,0.4963898916967509,0.4004282655246253,0.7012857767108451,0.9612005294760873,0.7003214759941295,1.7024390243902439,0.8222428990707165
malignant (123).png,malignant,datasets/Breast-Cancer-Ultrasound-Images-Dataset/Dataset_BUSI_with_GT\malignant\malignant (123).png,malignant (123),321,483,0.6645962732919255,RGB,1,62.21797823829518,46.84135217323929,0,252,4.0,149.0,712d7049cf726d635a865eeae886f86f,a1f0dfcfc96424b0,30076,0.19398489451313505,True,0.46105919003115264,0.32091097308488614,0.6259066627423668,0.9111291483529106,0.5501673787197839,1.3383084577114428,0.7746780688932033
malignant (124).png,malignant,datasets/Breast-Cancer-Ultrasound-Images-Dataset/Dataset_BUSI_with_GT\malignant\malignant (124).png,malignant (124),545,494,1.1032388663967612,RGB,1,70.7608587453107,69.66079548569058,0,255,1.0,199.0,e3ac8f5d2c2098b4ce6c0e810bd20e6d,f095de8ce90b19b8,44941,0.16692419121197488,True,0.5403669724770642,0.38866396761133604,0.7608317687077198,0.949357247079122,0.6787846481876333,1.0938775510204082,0.40276461707832006
malignant (125).png,malignant,datasets/Breast-Cancer-Ultrasound-Images-Dataset/Dataset_BUSI_with_GT\malignant\malignant (125).png,malignant (125),557,465,1.1978494623655913,RGB,1,102.61613096272272,52.501991280838716,0,255,25.0,196.0,828f131f974a6623df451096122d1657,a4985b8bb0e6f634,13033,0.05031949190170074,True,0.5897666068222621,0.3419354838709677,0.8145522904505699,0.9605371437121268,0.7325972840351478,1.0866141732283465,0.4882885629380793
malignant (126).png,malignant,datasets/Breast-Cancer-Ultrasound-Images-Dataset/Dataset_BUSI_with_GT\malignant\malignant (126).png,malignant (126),557,478,1.1652719665271967,RGB,1,95.06253239485288,57.12266619328615,0,255,21.0,198.0,84ebfe367ba4bbe4183550353a2fc10e,f1910e5ecaa3b326,18584,0.06980010967300918,True,0.44614003590664275,0.3263598326359833,0.6396312255895458,0.9407160272039009,0.6063488387480976,1.874015748031496,0.8550607707708151
malignant (127).png,malignant,datasets/Breast-Cancer-Ultrasound-Images-Dataset/Dataset_BUSI_with_GT\malignant\malignant (127).png,malignant (127),591,464,1.2737068965517242,RGB,1,75.63353316996324,52.22797240410556,0,255,15.0,178.0,b234162f2e9d454a98309e094b7e3f68,a496cec1d3db1368,80644,0.29408075150242136,True,0.40016920473773265,0.41163793103448276,0.6859020439194851,0.945629658481313,0.666406042054831,1.439446366782007,0.7243406821269253
malignant (128).png,malignant,datasets/Breast-Cancer-Ultrasound-Images-Dataset/Dataset_BUSI_with_GT\malignant\malignant (128).png,malignant (128),625,468,1.3354700854700854,RGB,1,73.32080341880342,58.19640428317949,0,255,7.0,183.0,0df9aa2c847698b77736e4acee217521,a083c9c899cef4f6,105745,0.36152136752136754,True,0.4304,0.4284188034188034,0.7370692231684824,0.9568028170295624,0.7155771952746475,1.5096153846153846,0.7197586074475123
malignant (129).png,malignant,datasets/Breast-Cancer-Ultrasound-Images-Dataset/Dataset_BUSI_with_GT\malignant\malignant (129).png,malignant (129),569,458,1.24235807860262,RGB,1,74.53489612512567,58.310344154917786,0,255,8.0,184.0,e7c9ff0e4e0aa098e72e554cbd059879,b293c1cc89cec6d6,103510,0.3971957237473235,True,0.3866432337434095,0.425764192139738,0.7542212465685803,0.9575702317099833,0.7580967112289618,1.3682539682539683,0.6308677368679634
malignant (13).png,malignant,datasets/Breast-Cancer-Ultrasound-Images-Dataset/Dataset_BUSI_with_GT\malignant\malignant (13).png,malignant (13),468,393,1.1908396946564885,RGB,1,88.48323764163459,43.228730902618416,0,255,28.0,173.0,a94c0835b8740356cb2990420e4bf0be,c3b229f8d6a4b8b8,15446,0.08398033970553055,True,0.39636752136752135,0.3371501272264631,0.410874798960657,0.9219881901747123,0.49958767647446894,2.69811320754717,0.9667194358782124
malignant (130).png,malignant,datasets/Breast-Cancer-Ultrasound-Images-Dataset/Dataset_BUSI_with_GT\malignant\malignant (130).png,malignant (130),555,463,1.1987041036717063,RGB,1,96.29608701574145,57.52697488953522,0,255,23.0,193.0,272fcc280dd77a5433890906b062130f,d6cd9b52642798b4,32239,0.12546066584943474,True,0.6468468468468469,0.4708423326133909,0.7500984803785863,0.9594229035166817,0.7437265546727556,1.5389221556886228,0.7720885363162855
malignant (131).png,malignant,datasets/Breast-Cancer-Ultrasound-Images-Dataset/Dataset_BUSI_with_GT\malignant\malignant (131).png,malignant (131),604,461,1.3101952277657267,RGB,1,85.89430549769433,54.775955165501124,0,255,21.0,185.0,c52002cc1d91321df3417463df519e1f,9dd5c5c55a30a595,13678,0.04912298343652584,True,0.8311258278145696,0.4793926247288503,0.8032301422321946,0.9663678737898889,0.7375622571287833,1.2479338842975207,0.6103324117841085
malignant (132).png,malignant,datasets/Breast-Cancer-Ultrasound-Images-Dataset/Dataset_BUSI_with_GT\malignant\malignant (132).png,malignant (132),451,581,0.7762478485370051,RGB,1,115.85210146891016,60.05898737810406,0,255,36.0,218.0,98cfd56d28581855fff5b74d4e0836dd,b8eed1906a4b3965,84795,0.3236067488197961,True,0.49445676274944567,0.46815834767641995,0.7572561792931259,0.9645816641867918,0.7262061715309912,1.2640264026402641,0.7416822680674785
malignant (133).png,malignant,datasets/Breast-Cancer-Ultrasound-Images-Dataset/Dataset_BUSI_with_GT\malignant\malignant (133).png,malignant (133),479,485,0.9876288659793815,RGB,1,110.0836751824032,59.45394180514485,0,255,32.0,217.0,a8f80ecdd28c0ab189c8a2787ff09474,a8e5d0d25bc99d89,87550,0.376859006090868,True,0.4091858037578288,0.4268041237113402,0.7629575691620156,0.9638381410700144,0.7249723002074361,1.273615635179153,0.7343640673517643
malignant (134).png,malignant,datasets/Breast-Cancer-Ultrasound-Images-Dataset/Dataset_BUSI_with_GT\malignant\malignant (134).png,malignant (134),556,467,1.1905781584582442,RGB,1,105.76807419161031,62.90274845509884,0,255,16.0,204.0,02c4d9e56ca90173c14f90d18bad5ad7,eeb81b67653c01c3,16162,0.06224485080030194,True,0.6241007194244604,0.4411134903640257,0.5397233683322086,0.8281099387781685,0.6633070406076541,1.1088435374149659,0.4459876282307351
malignant (135).png,malignant,datasets/Breast-Cancer-Ultrasound-Images-Dataset/Dataset_BUSI_with_GT\malignant\malignant (135).png,malignant (135),933,571,1.6339754816112084,RGB,1,87.93520515520616,43.698420663512294,0,239,20.0,166.0,09c2ec33ecb569a20578b3df0686e0ca,98a74c9e33f38c83,38263,0.07182262366657094,True,0.4732047159699893,0.4299474605954466,0.8008938736747299,0.9738098906177785,0.7367132867132867,1.3131313131313131,0.6358668575497166
malignant (136).png,malignant,datasets/Breast-Cancer-Ultrasound-Images-Dataset/Dataset_BUSI_with_GT\malignant\malignant (136).png,malignant (136),190,335,0.5671641791044776,RGB,1,76.60025137470542,48.29069132607894,0,250,15.0,169.0,8ba03de07d9e4320eb2442c8ecc7e23e,ececa687131b1999,4971,0.07809897879025923,True,0.6157894736842106,0.1582089552238806,0.4901407499232802,0.8154171961033461,0.5337695464123322,1.7887323943661972,0.871360829656685
malignant (137).png,malignant,datasets/Breast-Cancer-Ultrasound-Images-Dataset/Dataset_BUSI_with_GT\malignant\malignant (137).png,malignant (137),233,339,0.6873156342182891,RGB,1,51.10078873738716,40.08723737788314,0,254,3.0,126.0,ff6db38a4b861af09d675ab327a92e42,e5b991c1eada4646,34498,0.4367554154481117,True,0.49356223175965663,0.38495575221238937,0.5097578224886957,0.8719342216311603,0.6782346622105514,0.902542372881356,0.63614618521384
malignant (138).png,malignant,datasets/Breast-Cancer-Ultrasound-Images-Dataset/Dataset_BUSI_with_GT\malignant\malignant (138).png,malignant (138),556,467,1.1905781584582442,RGB,1,80.66376919877375,44.15183857876226,0,255,16.0,157.0,1fbd0e6c620b1b8e01b65256551d4bad,f1904e0e39a4f6c7,31109,0.11981036156085838,True,0.5017985611510791,0.37794432548179874,0.6310799027542903,0.931939710671817,0.6639255805922473,1.9038461538461537,0.8611518544741777
malignant (139).png,malignant,datasets/Breast-Cancer-Ultrasound-Images-Dataset/Dataset_BUSI_with_GT\malignant\malignant (139).png,malignant (139),549,474,1.1582278481012658,RGB,1,80.52327207888527,53.199706129567055,0,255,16.0,180.0,caa12f29ae39372ee912215963c4e0ed,b9b2e2c2c18de4f8,31649,0.12162120618231845,True,0.4207650273224044,0.2289029535864979,0.72796587503988,0.9524866582536377,0.7465322465322465,1.5987654320987654,0.7750347652376225
malignant (14).png,malignant,datasets/Breast-Cancer-Ultrasound-Images-Dataset/Dataset_BUSI_with_GT\malignant\malignant (14).png,malignant (14),273,398,0.6859296482412061,RGB,1,62.00297273915364,46.352898089539316,0,255,4.0,148.0,2ca000bb2c768b3ac52eefa36c871ca9,b1f0decfc96424b0,17891,0.16466029782612698,True,0.46703296703296704,0.3228643216080402,0.5789098153656683,0.875611755645542,0.5295372596153847,1.3,0.7630663889070012
malignant (140).png,malignant,datasets/Breast-Cancer-Ultrasound-Images-Dataset/Dataset_BUSI_with_GT\malignant\malignant (140).png,malignant (140),546,463,1.1792656587473003,RGB,1,75.01415359298728,46.45063676827084,0,255,21.0,165.0,fafde1ad0f92cd29c13233c5c4954083,a2eca5c0939f58d9,29390,0.11625883116163893,True,0.7087912087912088,0.23758099352051837,0.5472703362399426,0.850259863845985,0.5357162623374228,1.5837837837837838,0.8954431366091462
malignant (141).png,malignant,datasets/Breast-Cancer-Ultrasound-Images-Dataset/Dataset_BUSI_with_GT\malignant\malignant (141).png,malignant (141),588,434,1.3548387096774193,RGB,1,81.53998557948525,43.41219478103897,0,255,22.0,162.0,5e24039578007e13624cfd690c4655cb,89e4549ab3d3658d,13438,0.052658390545158154,True,0.6071428571428571,0.2926267281105991,0.4276749747958914,0.8784591247454685,0.5839435494607909,2.9770114942528734,0.9494581722672395
malignant (142).png,malignant,datasets/Breast-Cancer-Ultrasound-Images-Dataset/Dataset_BUSI_with_GT\malignant\malignant (142).png,malignant (142),556,465,1.1956989247311829,RGB,1,109.92625899280576,64.39982951087084,0,255,15.0,208.0,3515c8d2c458081268f721176cd693a7,e19f5861671e8b89,80699,0.31213351899125863,True,0.5404676258992805,0.5838709677419355,0.727807575848349,0.9476501976634935,0.6708835341365462,1.0843373493975903,0.5577863398399051
malignant (143).png,malignant,datasets/Breast-Cancer-Ultrasound-Images-Dataset/Dataset_BUSI_with_GT\malignant\malignant (143).png,malignant (143),562,467,1.2034261241970021,RGB,1,72.91760079861614,44.23837349910267,0,255,8.0,153.0,e0acda8746aa92d036047f812bb311ba,c4b12e6f8fb0b1c4,12321,0.04694536947426978,True,0.3914590747330961,0.36295503211991437,0.5561492895921523,0.9062886713916076,0.6470336260441208,2.2065217391304346,0.9159880021975693
malignant (144).png,malignant,datasets/Breast-Cancer-Ultrasound-Images-Dataset/Dataset_BUSI_with_GT\malignant\malignant (144).png,malignant (144),544,470,1.1574468085106382,RGB,1,70.24551001251564,54.73833795069702,0,255,1.0,160.0,086b59f7c7a23512e1e91d4fee054037,e1979e4c6ce80ad3,66146,0.2587061952440551,True,0.5091911764705882,0.48829787234042554,0.6973371581297507,0.9311249450502701,0.7037727759914255,1.0366666666666666,0.388992776963612
malignant (145).png,malignant,datasets/Breast-Cancer-Ultrasound-Images-Dataset/Dataset_BUSI_with_GT\malignant\malignant (145).png,malignant (145),550,462,1.1904761904761905,RGB,1,53.16157811885085,55.92218757270553,0,240,1.0,172.0,88f5ac307c1827b335d8b981c31262dc,f1918fcecee62c02,4112,0.016182605273514363,True,0.42,0.2305194805194805,0.8041245780035828,0.9585579111270811,0.7423933209647495,1.1,0.5166930588577642
malignant (146).png,malignant,datasets/Breast-Cancer-Ultrasound-Images-Dataset/Dataset_BUSI_with_GT\malignant\malignant (146).png,malignant (146),575,432,1.3310185185185186,RGB,1,78.01081723027376,40.77444032272732,0,255,9.0,152.0,e0d9b8b4a8141aa87b2105229da81bdc,d4708bcf3d8ca493,48281,0.19436795491143316,True,0.48,0.375,0.7540340748495727,0.9530614072621973,0.733162882557374,1.3870967741935485,0.6539943703259264
malignant (147).png,malignant,datasets/Breast-Cancer-Ultrasound-Images-Dataset/Dataset_BUSI_with_GT\malignant\malignant (147).png,malignant (147),552,471,1.1719745222929936,RGB,1,43.219225976183886,36.339258920460345,0,207,1.0,114.0,755c914d4f15cb75d3217fee143d8b6b,b5d4ca0aa3274dd9,11899,0.045766792824394595,True,0.6594202898550725,0.34288747346072185,0.4637384974363867,0.797652453630826,0.47433862433862434,1.4538461538461538,0.81686057459603
malignant (148).png,malignant,datasets/Breast-Cancer-Ultrasound-Images-Dataset/Dataset_BUSI_with_GT\malignant\malignant (148).png,malignant (148),556,463,1.2008639308855291,RGB,1,130.46684121385397,48.36220304432162,0,255,52.0,211.0,9668d23cd8f36c53ec889a6b6190effb,c0ff3e904167198f,2856,0.011094364249421198,True,0.14298561151079137,0.31101511879049676,0.7357644641737088,0.9120806478268055,0.6636604136604136,1.0476190476190477,0.45575519147036975
malignant (149).png,malignant,datasets/Breast-Cancer-Ultrasound-Images-Dataset/Dataset_BUSI_with_GT\malignant\malignant (149).png,malignant (149),763,572,1.333916083916084,RGB,1,90.49788285109386,63.85296393453923,0,255,12.0,194.0,f20b9c2fd003c0a4ef63e8de41916759,ed91d0162f3cf0cc,34306,0.07860488135717493,True,0.16448230668414154,0.5541958041958042,0.737789327449674,0.9683433344260893,0.7522921557337113,1.014218009478673,0.4990121007321464
malignant (15).png,malignant,datasets/Breast-Cancer-Ultrasound-Images-Dataset/Dataset_BUSI_with_GT\malignant\malignant (15).png,malignant (15),361,398,0.907035175879397,RGB,1,65.31178050919416,45.64489874777415,0,249,6.0,154.0,4d781d47b104d9932eb991915f20233e,8097cfcb35663b24,37600,0.26169629309984827,True,0.46814404432132967,0.44221105527638194,0.5809171522840313,0.9197651421508035,0.724090617154201,1.716763005780347,0.7993737078617551
malignant (150).png,malignant,datasets/Breast-Cancer-Ultrasound-Images-Dataset/Dataset_BUSI_with_GT\malignant\malignant (150).png,malignant (150),557,463,1.2030237580993521,RGB,1,96.45136898922414,63.11830199722424,0,255,24.0,216.0,32b5d94e7c72a3245e6af4fb60810f1d,e4f8d53c1c276a85,102194,0.39626819082480585,True,0.5080789946140036,0.5539956803455723,0.6675795244334105,0.9198690519852751,0.7593406593406593,1.5476190476190477,0.7943625284027347
malignant (151).png,malignant,datasets/Breast-Cancer-Ultrasound-Images-Dataset/Dataset_BUSI_with_GT\malignant\malignant (151).png,malignant (151),513,467,1.0985010706638116,RGB,1,61.065320927825155,50.19325965933382,0,233,1.0,144.0,64b5052ed048e6d02904dd47b1a630f2,c7859d73e2a82c2e,43830,0.18295202674781172,True,0.6783625730994152,0.44325481798715205,0.49515559192249525,0.803263658001241,0.595872435730087,1.084942084942085,0.6477510592942144
malignant (152).png,malignant,datasets/Breast-Cancer-Ultrasound-Images-Dataset/Dataset_BUSI_with_GT\malignant\malignant (152).png,malignant (152),776,574,1.3519163763066202,RGB,1,97.09915496246273,62.14223767331544,0,255,12.0,196.0,190d8d71cd5b453b7b5043f4a19f08ef,e68e9931799aca85,96180,0.21592909228061352,True,0.5747422680412371,0.44947735191637633,0.4422918435850561,0.7885645602977196,0.49543791358505257,1.430517711171662,0.7669638778882306
malignant (153).png,malignant,datasets/Breast-Cancer-Ultrasound-Images-Dataset/Dataset_BUSI_with_GT\malignant\malignant (153).png,malignant (153),650,603,1.077943615257048,RGB,1,45.59240974614109,36.73984405087687,0,237,1.0,117.0,1160f11df0d15b128b27449dc4f1590e,a6a7c69b195d9914,138357,0.3529965556831228,True,0.4430769230769231,0.40381426202321724,0.6379827629900188,0.9041114337138878,0.595519643475251,1.2384259259259258,0.6838846333548004
malignant (154).png,malignant,datasets/Breast-Cancer-Ultrasound-Images-Dataset/Dataset_BUSI_with_GT\malignant\malignant (154).png,malignant (154),556,464,1.1982758620689655,RGB,1,99.80599572066485,48.112275695992764,0,255,27.0,182.0,97ec3f6ba3364653c46b8410df895136,e0bd44c09bfb47e0,58054,0.22502945919126768,True,0.4064748201438849,0.34375,0.6524004159911552,0.9484527593419081,0.6588002470887002,1.8394495412844036,0.8634067674141982
malignant (155).png,malignant,datasets/Breast-Cancer-Ultrasound-Images-Dataset/Dataset_BUSI_with_GT\malignant\malignant (155).png,malignant (155),551,487,1.1314168377823408,RGB,1,79.30765790778014,44.58012898440657,0,255,19.0,160.0,12ad5fdae79d37b8f723e02265550fd6,b5830e9e9b88d0f5,38117,0.14204899063491058,True,0.5217785843920145,0.3131416837782341,0.6151571576633148,0.8827320793561669,0.6910531135531136,1.2380952380952381,0.5905007594837715
malignant (156).png,malignant,datasets/Breast-Cancer-Ultrasound-Images-Dataset/Dataset_BUSI_with_GT\malignant\malignant (156).png,malignant (156),562,457,1.2297592997811817,RGB,1,83.69030190706837,38.81131238710752,0,255,34.0,159.0,633ac40741cd393f69bcc8d51a582416,c4b281e5dbd934b4,108947,0.4241922798383392,True,0.5160142348754448,0.43326039387308535,0.5584257916601149,0.8861361013105871,0.6936624907885041,1.7932203389830508,0.8560763528139433
malignant (157).png,malignant,datasets/Breast-Cancer-Ultrasound-Images-Dataset/Dataset_BUSI_with_GT\malignant\malignant (157).png,malignant (157),564,471,1.197452229299363,RGB,1,75.24606239930132,51.81232926356053,0,255,2.0,168.0,5781b8818f0612db06d69b5a1020a0b9,b2cbec07d19adaa0,5265,0.019819758774901747,True,0.14095744680851063,0.20169851380042464,0.7336911839010668,0.9439441279176622,0.650126582278481,1.2658227848101267,0.7099470205427468
malignant (158).png,malignant,datasets/Breast-Cancer-Ultrasound-Images-Dataset/Dataset_BUSI_with_GT\malignant\malignant (158).png,malignant (158),313,444,0.704954954954955,RGB,1,95.7160435195579,55.93925869003666,0,255,26.0,206.0,18073171cb1a4fa8093483edcec668cc,f3ec95911d5c581a,34631,0.24919408226117493,True,0.5143769968051118,0.4583333333333333,0.5028657059132737,0.8509860485936684,0.6937877620534447,1.489010989010989,0.8149511829650005
malignant (159).png,malignant,datasets/Breast-Cancer-Ultrasound-Images-Dataset/Dataset_BUSI_with_GT\malignant\malignant (159).png,malignant (159),556,482,1.1535269709543567,RGB,1,109.98729066539299,60.02271418692054,0,255,17.0,201.0,42476ecef66446821287e8ec0c346aac,e1cb0d3d52b31e8c,57045,0.2128608316666169,True,0.41276978417266186,0.6016597510373444,0.7516113775873717,0.9431505822379929,0.7326461681807593,1.308641975308642,0.6086575564554674
malignant (16).png,malignant,datasets/Breast-Cancer-Ultrasound-Images-Dataset/Dataset_BUSI_with_GT\malignant\malignant (16).png,malignant (16),511,472,1.0826271186440677,RGB,1,53.00665444956715,42.634135203594724,0,255,9.0,152.0,6f3e18504fb49a5bf8c3c257baf263ee,b1c1c2eacdcee0b2,48943,0.20292132409035127,True,0.4187866927592955,0.3707627118644068,0.35087595746283723,0.7743159512640292,0.5947611141855746,2.1384615384615384,0.908405097761947
malignant (160).png,malignant,datasets/Breast-Cancer-Ultrasound-Images-Dataset/Dataset_BUSI_with_GT\malignant\malignant (160).png,malignant (160),626,587,1.0664395229982964,RGB,1,88.65212185205544,67.54135808852534,0,255,1.0,194.0,dca3e09b95b68fdd49e716947befd952,e9899dde3662b230,76548,0.20831541764862763,True,0.6421725239616614,0.5,0.42344253016622646,0.8178300422523066,0.6345973704459537,1.482394366197183,0.7530053168862759
malignant (161).png,malignant,datasets/Breast-Cancer-Ultrasound-Images-Dataset/Dataset_BUSI_with_GT\malignant\malignant (161).png,malignant (161),694,576,1.2048611111111112,RGB,1,59.87849223503042,60.768623430945546,0,255,1.0,190.0,becba5329ddcad495bd92e398769db6a,a9e1ec8606c2d6ed,95915,0.23994106227985912,True,0.5763688760806917,0.2786458333333333,0.6268654061512368,0.9206849083488299,0.6830280357757138,1.5098684210526316,0.7832952332854435
malignant (162).png,malignant,datasets/Breast-Cancer-Ultrasound-Images-Dataset/Dataset_BUSI_with_GT\malignant\malignant (162).png,malignant (162),620,587,1.0562180579216354,RGB,1,84.12594108919052,50.79695738981947,0,247,13.0,178.0,8c60178bca883b1419b968971d4bc8ff,9aab81d5b68cd85a,137556,0.37796340056053196,True,0.4491935483870968,0.32538330494037476,0.6621303847677756,0.9300895842962399,0.6880247981255594,1.543175487465181,0.8163778936294118
malignant (163).png,malignant,datasets/Breast-Cancer-Ultrasound-Images-Dataset/Dataset_BUSI_with_GT\malignant\malignant (163).png,malignant (163),643,570,1.1280701754385964,RGB,1,91.2703446017844,49.21751226007387,0,255,1.0,189.0,ff819a2f572f8468bbf95891a43c4810,d19490f24ad34fce,167411,0.4567706201740744,True,0.5303265940902022,0.4570175438596491,0.7933081189185353,0.96682006803017,0.7273550329421005,1.2395348837209301,0.6617301129920048
malignant (164).png,malignant,datasets/Breast-Cancer-Ultrasound-Images-Dataset/Dataset_BUSI_with_GT\malignant\malignant (164).png,malignant (164),551,473,1.1649048625792813,RGB,1,72.06585374276253,47.77226106348499,0,255,14.0,169.0,f94d33df917dc8280a4c73366fe5a3f8,e0b99998cbafc4e0,146711,0.5629242238789363,True,0.44283121597096187,0.4704016913319239,0.6892329573438578,0.9437721407700462,0.7707422658642171,1.0738095238095238,0.4870082753807356
malignant (165).png,malignant,datasets/Breast-Cancer-Ultrasound-Images-Dataset/Dataset_BUSI_with_GT\malignant\malignant (165).png,malignant (165),505,332,1.5210843373493976,RGB,1,43.06900274364786,44.1336599411643,0,243,1.0,129.0,f34166f80a323867dfde67c7ed7eff11,f8d1959eae654544,70769,0.4220982941667661,True,0.5455445544554456,0.4186746987951807,0.5233899859192791,0.8354387447265543,0.6166139657444005,1.5054545454545454,0.7522123115442857
malignant (166).png,malignant,datasets/Breast-Cancer-Ultrasound-Images-Dataset/Dataset_BUSI_with_GT\malignant\malignant (166).png,malignant (166),555,488,1.1372950819672132,RGB,1,85.54199158174568,51.68682885013361,0,255,17.0,178.0,606205d90a2fb40e2d4a3f847919881e,95c962e0f0f895c7,9614,0.035496972382218286,True,0.12522522522522522,0.2489754098360656,0.692890916651823,0.9192573823214112,0.626827485380117,1.1578947368421053,0.5678234008483718
malignant (167).png,malignant,datasets/Breast-Cancer-Ultrasound-Images-Dataset/Dataset_BUSI_with_GT\malignant\malignant (167).png,malignant (167),563,459,1.2265795206971677,RGB,1,108.4222825897677,57.91453902572478,0,255,32.0,209.0,23610e05b694ef9bdc9c3a2600ea9428,8e93c47c373419c7,57587,0.22284524624927926,True,0.2966252220248668,0.4880174291938998,0.714418990178929,0.9420328085071304,0.7217892197112288,1.144486692015209,0.6755069619353361
malignant (168).png,malignant,datasets/Breast-Cancer-Ultrasound-Images-Dataset/Dataset_BUSI_with_GT\malignant\malignant (168).png,malignant (168),557,469,1.187633262260128,RGB,1,91.91586820960599,65.21939229696669,0,255,8.0,201.0,0db702111e61e793263f96ec4d6ce69c,e6d699193961a9e2,50109,0.19181726657811227,True,0.5044883303411131,0.4936034115138593,0.5847617117843379,0.8610292332766931,0.6545274812178726,1.0407407407407407,0.42443611901230704
malignant (169).png,malignant,datasets/Breast-Cancer-Ultrasound-Images-Dataset/Dataset_BUSI_with_GT\malignant\malignant (169).png,malignant (169),557,463,1.2030237580993521,RGB,1,103.09498586612173,58.881679739802166,0,255,21.0,199.0,cf315f46c4ddea75af8fc6b12cd4d91b,9d9f4ac033338d9c,1305,0.005060277404019527,True,0.7998204667863554,0.458963282937365,0.6460459072076579,0.9471264367816092,0.6023391812865497,1.4210526315789473,0.8734016145709442
malignant (17).png,malignant,datasets/Breast-Cancer-Ultrasound-Images-Dataset/Dataset_BUSI_with_GT\malignant\malignant (17).png,malignant (17),765,590,1.2966101694915255,RGB,1,83.8746471696023,60.5646553910411,0,255,12.0,194.0,e8594938e706a73d27709fad71bd8973,b8a2ee9d896a7225,35657,0.0790007754514235,True,0.4777777777777778,0.3101694915254237,0.6777100246391214,0.9249387375345625,0.7182996824879916,1.6416184971098267,0.8241408692459734
malignant (170).png,malignant,datasets/Breast-Cancer-Ultrasound-Images-Dataset/Dataset_BUSI_with_GT\malignant\malignant (170).png,malignant (170),556,463,1.2008639308855291,RGB,1,81.29280808614448,52.320916400408954,0,255,18.0,178.0,0f8916cc69d5ecf458420ee19190ce6e,f1e184850fdee2b8,82118,0.318994048821418,True,0.47751798561151076,0.4060475161987041,0.4913933016241071,0.8953101910093225,0.6653602456071592,2.074074074074074,0.88250698683687
malignant (171).png,malignant,datasets/Breast-Cancer-Ultrasound-Images-Dataset/Dataset_BUSI_with_GT\malignant\malignant (171).png,malignant (171),624,589,1.0594227504244482,RGB,1,97.30900102302904,57.73119804016505,0,255,18.0,195.0,711a58453611e18a19420256049a45f6,a08517dada1f3363,33432,0.09096251795742458,True,0.5424679487179487,0.2699490662139219,0.5041811539087738,0.8674931382720265,0.6491960845978457,1.9627329192546583,0.8768903140116757
malignant (172).png,malignant,datasets/Breast-Cancer-Ultrasound-Images-Dataset/Dataset_BUSI_with_GT\malignant\malignant (172).png,malignant (172),602,469,1.2835820895522387,RGB,1,74.78828212992937,46.846403558859876,0,255,11.0,158.0,0d7c7dece87b6be854b788f3ded3ec34,b1d1d5b49d0507cb,18664,0.06610516473163372,True,0.47093023255813954,0.35927505330490406,0.6234698445383141,0.8887117423967921,0.6593189964157706,1.24,0.6181087046947561
malignant (173).png,malignant,datasets/Breast-Cancer-Ultrasound-Images-Dataset/Dataset_BUSI_with_GT\malignant\malignant (173).png,malignant (173),573,451,1.270509977827051,RGB,1,33.94444766913162,36.09668197460597,0,255,1.0,107.0,b6e263ccc7741b7f9fe46afec25c54ef,ece8f201868abedc,14986,0.057990194371244044,True,0.24083769633507854,0.6496674057649667,0.5509766762117381,0.9061346295840512,0.6384228551610526,2.3535353535353534,0.9103423862683705
malignant (174).png,malignant,datasets/Breast-Cancer-Ultrasound-Images-Dataset/Dataset_BUSI_with_GT\malignant\malignant (174).png,malignant (174),633,581,1.089500860585198,RGB,1,61.93860615107689,49.65809831924655,0,255,8.0,162.0,173ba41a134b764391bf33eb6b56e928,8492f3e18dcd4f0e,29579,0.08042732881424139,True,0.48578199052132703,0.2487091222030981,0.5359230771556438,0.8769570242723548,0.5432785299806576,1.5212765957446808,0.9234083751270188
malignant (175).png,malignant,datasets/Breast-Cancer-Ultrasound-Images-Dataset/Dataset_BUSI_with_GT\malignant\malignant (175).png,malignant (175),564,470,1.2,RGB,1,40.623419345103365,41.29668573263503,0,217,1.0,122.0,5e0a2faaacc75c28cce3aa2bee54fbd7,eecec1d19bbb6800,56917,0.21471631205673758,True,0.4104609929078014,0.3797872340425532,0.6090488178556203,0.8576735493869365,0.6400170068027211,1.3888888888888888,0.8323448558194605
malignant (176).png,malignant,datasets/Breast-Cancer-Ultrasound-Images-Dataset/Dataset_BUSI_with_GT\malignant\malignant (176).png,malignant (176),640,594,1.0774410774410774,RGB,1,52.49629892676768,50.11810474650036,0,234,1.0,142.0,fffbcf0dfc54443c9276049b6416b9d3,aab8d0c383c647cf,40621,0.10685237794612795,True,0.3015625,0.2777777777777778,0.5524887852407675,0.868673553183213,0.5658919093942252,1.1274900398406376,0.8171071005824389
malignant (177).png,malignant,datasets/Breast-Cancer-Ultrasound-Images-Dataset/Dataset_BUSI_with_GT\malignant\malignant (177).png,malignant (177),613,581,1.0550774526678142,RGB,1,58.858167697590645,60.60222650253415,0,239,1.0,174.0,4686bb89280bf50b0eb543e091ca7750,eece83b930705157,17348,0.04870940298130298,True,0.17047308319738988,0.2487091222030981,0.5184739293208359,0.8283433618012422,0.6286087789070556,0.7849462365591398,0.7104702797721258
malignant (178).png,malignant,datasets/Breast-Cancer-Ultrasound-Images-Dataset/Dataset_BUSI_with_GT\malignant\malignant (178).png,malignant (178),562,467,1.2034261241970021,RGB,1,43.13535324285399,37.4274189814908,0,225,1.0,117.0,dedec79ae50683bb725e5a8ff4961912,ece0418d9dbcacc6,23054,0.08784015484618257,True,0.48398576512455516,0.24411134903640258,0.5492738720479529,0.9065409381790634,0.5356192136446088,1.213903743315508,0.9020969934765605
malignant (179).png,malignant,datasets/Breast-Cancer-Ultrasound-Images-Dataset/Dataset_BUSI_with_GT\malignant\malignant (179).png,malignant (179),432,476,0.907563025210084,RGB,1,79.4629386476813,52.46575437572611,0,255,12.0,173.0,f630572bcf07aa1253f6da85a016e7f0,e7809e193962a6ee,26254,0.1276746809835045,True,0.5520833333333334,0.36554621848739494,0.4589911966886726,0.8003680564146975,0.5076408505963591,1.6271186440677967,0.7747928635355124
malignant (18).png,malignant,datasets/Breast-Cancer-Ultrasound-Images-Dataset/Dataset_BUSI_with_GT\malignant\malignant (18).png,malignant (18),579,437,1.3249427917620138,RGB,1,74.65685332953922,53.53920975912925,0,255,19.0,183.0,760c73fe783a8ad074bab0bdcfb76545,8c9ab3a7a5656968,19204,0.07589823850005731,True,0.26424870466321243,0.2391304347826087,0.5076767633414825,0.851652436414427,0.6382791922739245,1.6492537313432836,0.7975024821035016
malignant (180).png,malignant,datasets/Breast-Cancer-Ultrasound-Images-Dataset/Dataset_BUSI_with_GT\malignant\malignant (180).png,malignant (180),562,461,1.2190889370932756,RGB,1,97.96043337630557,48.11105020021171,0,255,29.0,180.0,a238ce0c894929be5ba007961fc86e36,b4c8233b5ce593f0,27730,0.10703175056545804,True,0.7731316725978647,0.5542299349240781,0.6965518652558417,0.9485138922528632,0.7331247325631151,1.618421052631579,0.8569224988514405
malignant (181).png,malignant,datasets/Breast-Cancer-Ultrasound-Images-Dataset/Dataset_BUSI_with_GT\malignant\malignant (181).png,malignant (181),497,488,1.0184426229508197,RGB,1,49.2365793119372,52.93658342406046,0,255,4.0,167.0,10683bd125fa38146a2741a1ac3ef1d0,bbb39b9d5c686060,11063,0.045613847016525384,True,0.1659959758551308,0.2889344262295082,0.7237624114085166,0.941645366720097,0.7129362372080819,1.4368932038834952,0.7532407239626959
malignant (182).png,malignant,datasets/Breast-Cancer-Ultrasound-Images-Dataset/Dataset_BUSI_with_GT\malignant\malignant (182).png,malignant (182),689,583,1.1818181818181819,RGB,1,82.17022208834241,61.17455391854065,0,255,4.0,186.0,a33c85e6dd53a2bc8f36e3a9190599cf,b0e1cf8eb492d9c1,84653,0.2107436884937775,True,0.3955007256894049,0.47855917667238423,0.5440812067639452,0.8699554354746044,0.6358979403441335,1.4782608695652173,0.7163386026740215
malignant (183).png,malignant,datasets/Breast-Cancer-Ultrasound-Images-Dataset/Dataset_BUSI_with_GT\malignant\malignant (183).png,malignant (183),557,457,1.2188183807439825,RGB,1,68.8914943684713,48.99528539577404,0,255,7.0,161.0,e89f2fd69cffa836fc5ae625f2fd5a44,a484df8aa9a8bae3,54718,0.2149605773348157,True,0.5017953321364452,0.42669584245076586,0.6457042881128794,0.9122525324702618,0.6848918229784656,1.032490974729242,0.4645946209359326
malignant (184).png,malignant,datasets/Breast-Cancer-Ultrasound-Images-Dataset/Dataset_BUSI_with_GT\malignant\malignant (184).png,malignant (184),552,492,1.1219512195121952,RGB,1,70.26680879580535,57.60952441187823,0,255,2.0,174.0,1be8ec993e7996079326ea2684fed488,b1f0c8899b8eccec,36927,0.13596898197242843,True,0.4329710144927536,0.2855691056910569,0.5360616577204952,0.8610855674235458,0.5150265132284086,1.3640350877192982,0.7228988481840571
malignant (185).png,malignant,datasets/Breast-Cancer-Ultrasound-Images-Dataset/Dataset_BUSI_with_GT\malignant\malignant (185).png,malignant (185),694,582,1.1924398625429553,RGB,1,90.59646998821513,44.2778789186103,0,248,26.0,165.0,6ff6e218f63e91fd7e484c14e7ab9632,9eb0418dbbbc88e3,67775,0.16779811244144707,True,0.45172910662824206,0.3599656357388316,0.7777691970448675,0.9649061201089293,0.7218380082346886,1.2985074626865671,0.6538870715673495
malignant (186).png,malignant,datasets/Breast-Cancer-Ultrasound-Images-Dataset/Dataset_BUSI_with_GT\malignant\malignant (186).png,malignant (186),566,506,1.1185770750988142,RGB,1,74.1533645721309,60.6351365207537,0,255,2.0,188.0,0d691c86af5ca60c28aba9fbc1c82957,e1a5959e87d05cd8,88940,0.31054903001438566,True,0.588339222614841,0.4318181818181818,0.6182635816972482,0.9204725393782816,0.6320857298194409,0.8914141414141414,0.7709512336097115
malignant (187).png,malignant,datasets/Breast-Cancer-Ultrasound-Images-Dataset/Dataset_BUSI_with_GT\malignant\malignant (187).png,malignant (187),765,585,1.3076923076923077,RGB,1,89.23578794480756,66.96419580862278,0,255,2.0,198.0,0cc6f7814185ac0fe507eab64881e384,b2e04f1c3c7ce1e2,54503,0.12178760963074689,True,0.44901960784313727,0.2923076923076923,0.6893313431711788,0.9324065609962228,0.771074026529739,1.6682926829268292,0.8419161432191827
malignant (188).png,malignant,datasets/Breast-Cancer-Ultrasound-Images-Dataset/Dataset_BUSI_with_GT\malignant\malignant (188).png,malignant (188),724,473,1.5306553911205074,RGB,1,53.65258196769182,31.135436577652346,0,236,8.0,111.0,23cab5f658742023843c9776aa6c2126,b5d2ca0c4df2b2b1,45445,0.1327047294219336,True,0.4544198895027624,0.43868921775898523,0.49808102496443124,0.8475504051253062,0.5530629057643124,1.099264705882353,0.31302634708605737
malignant (189).png,malignant,datasets/Breast-Cancer-Ultrasound-Images-Dataset/Dataset_BUSI_with_GT\malignant\malignant (189).png,malignant (189),433,400,1.0825,RGB,1,74.89482101616628,32.26106510808219,0,255,39.0,134.0,f36c762e8d373e9988bc0c71b0cad7ff,978d9d94c8969e89,2832,0.016351039260969976,True,0.6963048498845266,0.51125,0.5114012521464011,0.9081632653061225,0.7010588842975206,2.0,0.8468505561997336
malignant (19).png,malignant,datasets/Breast-Cancer-Ultrasound-Images-Dataset/Dataset_BUSI_with_GT\malignant\malignant (19).png,malignant (19),554,459,1.2069716775599129,RGB,1,94.7961350605224,65.52454250966426,0,255,9.0,201.0,199faac3c1225325098cc082266983cd,a4c24b396865f5f2,46355,0.1822947389946753,True,0.41696750902527074,0.4760348583877996,0.5741306763396808,0.9205442095026117,0.5537221980990978,1.3055555555555556,0.8665794944612352
malignant (190).png,malignant,datasets/Breast-Cancer-Ultrasound-Images-Dataset/Dataset_BUSI_with_GT\malignant\malignant (190).png,malignant (190),576,427,1.3489461358313817,RGB,1,72.96654225214677,45.68561621416752,0,252,6.0,152.0,26ecd9a137134128d9f52100e8cac959,a0824f8d8d5b766e,22523,0.09157477881863128,True,0.4427083333333333,0.3793911007025761,0.6255364589645942,0.9143991279488287,0.5820612186117148,1.1657458563535912,0.8483385428910654
malignant (191).png,malignant,datasets/Breast-Cancer-Ultrasound-Images-Dataset/Dataset_BUSI_with_GT\malignant\malignant (191).png,malignant (191),673,471,1.4288747346072186,RGB,1,52.82369086039314,42.41108589355796,0,255,1.0,135.0,0adb09463a46a537ef20981b9d72fa5e,d7d4e090c6d09ed3,12415,0.03916613824716152,True,0.22585438335809807,0.3333333333333333,0.5570096150197992,0.8752335105618624,0.6088618983355826,0.6842105263157895,0.8384920576323367
malignant (192).png,malignant,datasets/Breast-Cancer-Ultrasound-Images-Dataset/Dataset_BUSI_with_GT\malignant\malignant (192).png,malignant (192),556,488,1.139344262295082,RGB,1,82.54123791131029,52.372687239853384,0,255,14.0,176.0,0fd7462f0e9898722850e0d572b08659,a1895c7c32e2a78f,5806,0.021398455006486614,True,0.6519784172661871,0.20901639344262296,0.45110409714877125,0.8386880357808424,0.6246391294692427,2.7719298245614037,0.9534928085265855
malignant (193).png,malignant,datasets/Breast-Cancer-Ultrasound-Images-Dataset/Dataset_BUSI_with_GT\malignant\malignant (193).png,malignant (193),781,574,1.3606271777003485,RGB,1,118.55051149468875,53.08590482504791,0,255,34.0,204.0,370c38a73296ef325aa3dd9257c71537,f8a30e4cc8e8729f,16310,0.03638237406701852,True,0.4564660691421255,0.29094076655052264,0.6408093020324518,0.9128136633607093,0.7127862595419847,1.3129770992366412,0.6612076766795096
malignant (194).png,malignant,datasets/Breast-Cancer-Ultrasound-Images-Dataset/Dataset_BUSI_with_GT\malignant\malignant (194).png,malignant (194),923,555,1.6630630630630632,RGB,1,95.68000351380633,55.850863332248316,0,253,1.0,181.0,00e6d8ce815bd7242b1e7a1e4efdc3fe,ddb514c66c0adae1,66499,0.12981367065874108,True,0.8028169014084507,0.4891891891891892,0.6732565050982731,0.9254952264793708,0.6985873015873015,1.05,0.5950092439277439
malignant (195).png,malignant,datasets/Breast-Cancer-Ultrasound-Images-Dataset/Dataset_BUSI_with_GT\malignant\malignant (195).png,malignant (195),555,475,1.168421052631579,RGB,1,112.61752868658132,52.978128226324415,0,255,32.0,201.0,738294b7445b17c7070e54619aa610eb,b4d08f0f3034ecb7,46680,0.1770697012802276,True,0.49099099099099097,0.4589473684210526,0.5288883441570119,0.828353795142934,0.6303600654664484,1.327659574468085,0.649448760314672
malignant (196).png,malignant,datasets/Breast-Cancer-Ultrasound-Images-Dataset/Dataset_BUSI_with_GT\malignant\malignant (196).png,malignant (196),557,465,1.1978494623655913,RGB,1,74.01911932202081,39.71466808604348,0,248,24.0,153.0,41cbeb8e7871b923aae5f2181eb4735d,b9f1868ecc05e0fa,26542,0.10247678616242929,True,0.3859964093357271,0.2967741935483871,0.692266237542671,0.9077420582081035,0.645896394733604,0.8790697674418605,0.5324511185957729
malignant (197).png,malignant,datasets/Breast-Cancer-Ultrasound-Images-Dataset/Dataset_BUSI_with_GT\malignant\malignant (197).png,malignant (197),552,484,1.140495867768595,RGB,1,78.17371840939035,54.983847877788946,0,255,3.0,163.0,32e1f63f78d7ff1be413400d41313d31,f1830ee8aa81deba,29061,0.10877425440172475,True,0.39311594202898553,0.5454545454545454,0.5160484658174693,0.8474293476655937,0.6496389197020804,0.6014760147601476,0.8397385732496729
malignant (198).png,malignant,datasets/Breast-Cancer-Ultrasound-Images-Dataset/Dataset_BUSI_with_GT\malignant\malignant (198).png,malignant (198),616,677,0.9098966026587888,RGB,1,42.23647106217269,37.824520359281316,0,239,1.0,124.0,8ab098c5e8bb0922cbf6596ac10fddfd,8e8f9cbc78707262,33439,0.08018329528669263,True,0.4155844155844156,0.20088626292466766,0.5621195450902126,0.9080395038665989,0.5883483740054467,1.6775956284153006,0.89688626942453
malignant (199).png,malignant,datasets/Breast-Cancer-Ultrasound-Images-Dataset/Dataset_BUSI_with_GT\malignant\malignant (199).png,malignant (199),504,473,1.06553911205074,RGB,1,109.86517165005537,53.42525397023258,0,255,37.0,197.0,f3943b26783a745d07f1c4dc5d46e128,b6e1410a29a7b6b7,15851,0.06649132521225544,True,0.4930555555555556,0.32346723044397463,0.6754840696315665,0.9122981221342834,0.6041231530904309,1.3381294964028776,0.7020464226421941
malignant (2).png,malignant,datasets/Breast-Cancer-Ultrasound-Images-Dataset/Dataset_BUSI_with_GT\malignant\malignant (2).png,malignant (2),548,495,1.107070707070707,RGB,1,102.85501364005013,52.258363384758844,0,252,30.0,207.0,a52d4b00833574cdc01fa69783d98889,c0939d9c4deb4b51,92533,0.34112290791122907,True,0.6259124087591241,0.4303030303030303,0.5403397591464385,0.8703798427583593,0.6474355812658977,1.1786743515850144,0.6108825321544334
malignant (20).png,malignant,datasets/Breast-Cancer-Ultrasound-Images-Dataset/Dataset_BUSI_with_GT\malignant\malignant (20).png,malignant (20),558,475,1.174736842105263,RGB,1,71.22345972458027,48.60612032201003,0,255,2.0,154.0,0c71a155965d0fbfcd6f4ea3bc53d9f9,a4c09a296ed6a5e7,51359,0.1937709866063007,True,0.43010752688172044,0.48210526315789476,0.5716847230952335,0.8953809607601619,0.6486481318597269,1.3966244725738397,0.7756171155363526
malignant (200).png,malignant,datasets/Breast-Cancer-Ultrasound-Images-Dataset/Dataset_BUSI_with_GT\malignant\malignant (200).png,malignant (200),438,463,0.9460043196544277,RGB,1,110.08017988697891,48.76060931727506,0,255,44.0,195.0,ead5d909517295d00a91522d9c2c4477,80d47f5f632c3c92,12666,0.06245746915589219,True,0.5331050228310502,0.4319654427645788,0.30119158177359595,0.7296026959914863,0.4417418384879725,2.9690721649484537,0.9608683194763313
malignant (201).png,malignant,datasets/Breast-Cancer-Ultrasound-Images-Dataset/Dataset_BUSI_with_GT\malignant\malignant (201).png,malignant (201),678,576,1.1770833333333333,RGB,1,61.05876659292036,57.12110427841095,0,244,2.0,169.0,8288d67e5884b9150ace12fc08c51c68,a3a1dede3c394183,78455,0.20089468616846937,True,0.5405604719764012,0.4921875,0.5229181061902568,0.863616195230172,0.7157106085677514,1.2585034013605443,0.633947670050265
malignant (202).png,malignant,datasets/Breast-Cancer-Ultrasound-Images-Dataset/Dataset_BUSI_with_GT\malignant\malignant (202).png,malignant (202),550,491,1.120162932790224,RGB,1,72.51346417330124,50.10892447786454,0,255,9.0,166.0,cf68de7f4f53cba016ff8d4bdfa5af79,b1f0c38f8dccc4e4,36664,0.1357674504721348,True,0.44545454545454544,0.31262729124236255,0.4404484045301729,0.8114761445891132,0.5687572644739736,0.9274809160305344,0.5163960677981974
malignant (203).png,malignant,datasets/Breast-Cancer-Ultrasound-Images-Dataset/Dataset_BUSI_with_GT\malignant\malignant (203).png,malignant (203),577,411,1.4038929440389294,RGB,1,55.462097348901736,46.991316867107756,0,253,5.0,146.0,97d56980b3f4843517dcfaa7dd8cdb8d,e6f8998f0e060e7a,53353,0.22497859977144977,True,0.47400346620450606,0.44038929440389296,0.5534983406116578,0.8445434867690637,0.6445273449881744,1.053763440860215,0.5195277383667878
malignant (204).png,malignant,datasets/Breast-Cancer-Ultrasound-Images-Dataset/Dataset_BUSI_with_GT\malignant\malignant (204).png,malignant (204),875,585,1.4957264957264957,RGB,1,78.31338510378511,62.509907632069726,0,255,3.0,187.0,fde0e15c4a274bf864d91e3c17dc0aff,e7e6ba1919129a2e,47346,0.09249523809523809,True,0.588,0.38290598290598293,0.4231890805260697,0.7124616684041121,0.5661704237616099,0.7925696594427245,0.6398755137210768
malignant (205).png,malignant,datasets/Breast-Cancer-Ultrasound-Images-Dataset/Dataset_BUSI_with_GT\malignant\malignant (205).png,malignant (205),510,470,1.0851063829787233,RGB,1,77.88433875677931,58.244075489364015,0,255,15.0,194.0,771b7be190cb42f790e210aa929d6cef,a183875ec8fcb4b2,87721,0.3659616186900292,True,0.5166666666666667,0.5202127659574468,0.6325984695645058,0.9180949571776207,0.6572549019607843,1.1470588235294117,0.5040727330308792
malignant (206).png,malignant,datasets/Breast-Cancer-Ultrasound-Images-Dataset/Dataset_BUSI_with_GT\malignant\malignant (206).png,malignant (206),792,571,1.3870402802101576,RGB,1,93.46567469794265,60.348840513830595,0,254,17.0,193.0,c730cec7cd2bd806b0081429c85600a2,b098c86f273f33c8,145206,0.32108740646393885,True,0.3453282828282828,0.5683012259194395,0.695153902741734,0.9451603618690024,0.7624614783856805,1.3404255319148937,0.6452761507690492
malignant (207).png,malignant,datasets/Breast-Cancer-Ultrasound-Images-Dataset/Dataset_BUSI_with_GT\malignant\malignant (207).png,malignant (207),557,458,1.2161572052401746,RGB,1,78.4739402444474,51.91035910838472,0,255,13.0,175.0,f8182159d26cc05a17b788cf0c5ae210,b9b3e286c4c8e8f8,28227,0.11064812274113506,True,0.46768402154398564,0.2183406113537118,0.6354587075572723,0.9046839015212949,0.7218038302277433,1.4906832298136645,0.7749399620405586
malignant (208).png,malignant,datasets/Breast-Cancer-Ultrasound-Images-Dataset/Dataset_BUSI_with_GT\malignant\malignant (208).png,malignant (208),617,664,0.9292168674698795,RGB,1,44.635715471285465,38.93465743222344,0,255,1.0,121.0,a6b93dd891ce0fd97432ed20dc8933f8,e1e084971e76636b,145369,0.35482855245943257,True,0.5,0.4382530120481928,0.5943735262581917,0.9186338698866218,0.7046493493834982,1.628169014084507,0.8385703441239017
malignant (209).png,malignant,datasets/Breast-Cancer-Ultrasound-Images-Dataset/Dataset_BUSI_with_GT\malignant\malignant (209).png,malignant (209),508,471,1.078556263269639,RGB,1,71.00747697142953,54.18406430134778,0,255,2.0,157.0,5fb9be13ef3e6dc61272b41e12383402,b980465fafa33239,5025,0.021001554741962986,True,0.3572834645669291,0.26963906581740976,0.5940779863771389,0.8852295409181636,0.6701236263736263,1.7230769230769232,0.875097404117318
malignant (21).png,malignant,datasets/Breast-Cancer-Ultrasound-Images-Dataset/Dataset_BUSI_with_GT\malignant\malignant (21).png,malignant (21),601,367,1.6376021798365124,RGB,1,57.99511259617259,57.60160619193737,0,255,1.0,172.0,bad4483b6c208564f487cfbcba96d9e5,9d9e6f6ba2a46062,43594,0.19764515997406684,True,0.2221297836938436,0.39373297002724794,0.48003243160279335,0.8114803454829422,0.6107248059819861,0.9136690647482014,0.44962139362388087
malignant (210).png,malignant,datasets/Breast-Cancer-Ultrasound-Images-Dataset/Dataset_BUSI_with_GT\malignant\malignant (210).png,malignant (210),775,587,1.3202725724020443,RGB,1,94.42072869154256,62.01832747547519,0,254,3.0,187.0,a87c7da0d10a96acdbc79fa841e316c1,f9961a6967da9c80,100618,0.22117491894268285,True,0.5077419354838709,0.65587734241908,0.5773793901037629,0.8678349271392667,0.6207431878586155,1.6025236593059937,0.8195675896779194
malignant (22).png,malignant,datasets/Breast-Cancer-Ultrasound-Images-Dataset/Dataset_BUSI_with_GT\malignant\malignant (22).png,malignant (22),570,474,1.2025316455696202,RGB,1,82.17420238359612,60.28810474734626,0,255,12.0,193.0,1713cefa197e983bd09482687b2c913f,e7d498796b238d84,41476,0.15351247316603744,True,0.5833333333333334,0.4778481012658228,0.503661713831713,0.8588429855870378,0.5755035910672203,0.9925373134328358,0.6688490333878514
malignant (23).png,malignant,datasets/Breast-Cancer-Ultrasound-Images-Dataset/Dataset_BUSI_with_GT\malignant\malignant (23).png,malignant (23),569,468,1.2158119658119657,RGB,1,92.96129812386403,69.29697268433779,0,255,9.0,212.0,597e5d665367501f335eb1d7b0f1a4b8,f9c9c226371a9c8d,87195,0.32744130503357216,True,0.45957820738137084,0.5598290598290598,0.41960972938898666,0.8197959077271628,0.6287825909930347,1.7173144876325088,0.8299856955273207
malignant (24).png,malignant,datasets/Breast-Cancer-Ultrasound-Images-Dataset/Dataset_BUSI_with_GT\malignant\malignant (24).png,malignant (24),564,462,1.2207792207792207,RGB,1,103.2362876485217,69.55019020484669,0,255,13.0,216.0,20a0d0949481792660a8f4a1ba5e0cdf,f4908b6f2c10b3bb,55605,0.21339918946301925,True,0.5026595744680851,0.49783549783549785,0.4921709681612724,0.8489821706501471,0.5659154408743529,1.215547703180212,0.7846722998647552
malignant (25).png,malignant,datasets/Breast-Cancer-Ultrasound-Images-Dataset/Dataset_BUSI_with_GT\malignant\malignant (25).png,malignant (25),563,470,1.1978723404255318,RGB,1,87.91871433430332,71.24088410186276,0,255,3.0,210.0,975ec24e9c9c2d648e4419f92217e620,f3928e4d3c38f0e1,82133,0.31039265333887606,True,0.4547069271758437,0.5010638297872341,0.4136715850052433,0.8339434651047294,0.5812243965800254,0.9404145077720207,0.6266537850146304
malignant (26).png,malignant,datasets/Breast-Cancer-Ultrasound-Images-Dataset/Dataset_BUSI_with_GT\malignant\malignant (26).png,malignant (26),564,469,1.2025586353944564,RGB,1,109.50440805093076,56.53476508717106,0,255,28.0,205.0,4973c8c000c7fed4e4ec4a69b0964613,d1a22ebdddd81d10,12900,0.0487683164723495,True,0.5381205673758865,0.2046908315565032,0.7305268103322207,0.9315254486073905,0.6812936124530328,1.0222222222222221,0.43624303446787377
malignant (27).png,malignant,datasets/Breast-Cancer-Ultrasound-Images-Dataset/Dataset_BUSI_with_GT\malignant\malignant (27).png,malignant (27),567,475,1.1936842105263157,RGB,1,101.68486029889539,60.89872867818667,0,255,22.0,207.0,4995b9cec8b82ae2ce7a1a3a16fd0da6,cdd86225156e6b8b,7527,0.027947646895015315,True,0.7583774250440917,0.28842105263157897,0.5620190257589972,0.8914361960213488,0.5856243525380508,1.5842696629213484,0.7944711542041312
malignant (28).png,malignant,datasets/Breast-Cancer-Ultrasound-Images-Dataset/Dataset_BUSI_with_GT\malignant\malignant (28).png,malignant (28),562,470,1.195744680851064,RGB,1,103.48856288331945,59.205188169900495,0,255,24.0,205.0,61fda9d7130e70c968ba956d96f025b8,8dd26225656b6a9b,8802,0.03332323767698948,True,0.7802491103202847,0.30957446808510636,0.6474095108586743,0.9232994108194965,0.6193590112101178,1.4489795918367347,0.7473931943854821
malignant (29).png,malignant,datasets/Breast-Cancer-Ultrasound-Images-Dataset/Dataset_BUSI_with_GT\malignant\malignant (29).png,malignant (29),567,470,1.2063829787234042,RGB,1,73.56327066681676,63.10220628028492,0,255,11.0,198.0,fedbdf34906ffcf2b4e706a56d351759,dac8c52133b7bc8c,46325,0.17383391496866674,True,0.29541446208112876,0.4925531914893617,0.5138618313756766,0.8349388156457135,0.5685103903189009,0.986013986013986,0.4367055045591325
malignant (3).png,malignant,datasets/Breast-Cancer-Ultrasound-Images-Dataset/Dataset_BUSI_with_GT\malignant\malignant (3).png,malignant (3),425,475,0.8947368421052632,RGB,1,94.0310786377709,61.06455401735191,0,255,17.0,179.0,d72f4e565f1bb8d208064ba2b2bd0513,95cb623539782667,12192,0.060393808049535605,True,0.3611764705882353,0.4631578947368421,0.5569079212706749,0.8552890287062525,0.5581606942889138,1.0780141843971631,0.8085303709163544
malignant (30).png,malignant,datasets/Breast-Cancer-Ultrasound-Images-Dataset/Dataset_BUSI_with_GT\malignant\malignant (30).png,malignant (30),573,468,1.2243589743589745,RGB,1,60.86649214659686,57.08808786495395,0,255,1.0,173.0,f0a7637e563c3378b2a5cc9f3ff5ddad,f2c2cb09bcb8b9a1,70413,0.26257439477334765,True,0.43106457242582896,0.43162393162393164,0.5115551342350463,0.8196097068694407,0.577545789060239,0.9279778393351801,0.6117641364638259
malignant (31).png,malignant,datasets/Breast-Cancer-Ultrasound-Images-Dataset/Dataset_BUSI_with_GT\malignant\malignant (31).png,malignant (31),723,509,1.4204322200392927,RGB,1,57.82015831220602,57.92450896276283,0,252,1.0,161.0,eee70abdb1fdbd991084ecf5fd3db2f6,bd95c243452f6e70,141193,0.38366933237682976,True,0.39073305670816044,0.48035363457760316,0.439112458907321,0.8204128286156122,0.5704743552216477,1.2477477477477477,0.5851914138300397
malignant (32).png,malignant,datasets/Breast-Cancer-Ultrasound-Images-Dataset/Dataset_BUSI_with_GT\malignant\malignant (32).png,malignant (32),557,492,1.1321138211382114,RGB,1,80.81987199135905,60.93738875013798,0,255,4.0,187.0,9782a0761e85e823d6b884b5663d4ac3,a2c0d8082f772fe7,43141,0.1574236254032199,True,0.4865350089766607,0.5284552845528455,0.4035338825543501,0.7903913535158784,0.5478111709303969,0.6389684813753582,0.8376572527584897
malignant (33).png,malignant,datasets/Breast-Cancer-Ultrasound-Images-Dataset/Dataset_BUSI_with_GT\malignant\malignant (33).png,malignant (33),557,496,1.122983870967742,RGB,1,83.63266273817108,56.17329399192952,0,255,3.0,178.0,8b25aee4e85ae25f6c8cf329066bea9b,b09e4c5956b4ad87,60717,0.21977254300110036,True,0.4838420107719928,0.5181451612903226,0.30594593641221773,0.6993055879200261,0.5578792779729704,0.7183462532299741,0.7944434138488318
malignant (34).png,malignant,datasets/Breast-Cancer-Ultrasound-Images-Dataset/Dataset_BUSI_with_GT\malignant\malignant (34).png,malignant (34),620,589,1.0526315789473684,RGB,1,118.47554904430692,51.68171444068914,0,255,33.0,200.0,b69e0c66f86ee4f1b9eb3cd6074cb431,a7d30ddc3ca262b2,13849,0.03792376362341859,True,0.5177419354838709,0.31918505942275044,0.4611550037969224,0.7871760681778653,0.5440993788819876,0.9627329192546584,0.5452208618631574
malignant (35).png,malignant,datasets/Breast-Cancer-Ultrasound-Images-Dataset/Dataset_BUSI_with_GT\malignant\malignant (35).png,malignant (35),592,387,1.5297157622739017,RGB,1,90.35589950415532,55.915126517469176,0,255,23.0,198.0,d22b6d97bea0f428f5cbb5d873e9527b,9d9ce3c3e561405b,40212,0.17551854179761156,True,0.2204391891891892,0.355297157622739,0.6595873719876632,0.9258630710217366,0.7202329282407407,1.1851851851851851,0.5334601676313013
malignant (36).png,malignant,datasets/Breast-Cancer-Ultrasound-Images-Dataset/Dataset_BUSI_with_GT\malignant\malignant (36).png,malignant (36),623,494,1.2611336032388665,RGB,1,52.04461239529247,43.44945342723179,0,255,12.0,135.0,fb9ea7dbe81cdcb6f9d46d0004ec2e95,a1b0f8735313278f,30470,0.09900507535043312,True,0.5104333868378812,0.3097165991902834,0.5484873222355623,0.8917249348186774,0.6119990239736472,1.7218934911242603,0.8682100288387213
malignant (37).png,malignant,datasets/Breast-Cancer-Ultrasound-Images-Dataset/Dataset_BUSI_with_GT\malignant\malignant (37).png,malignant (37),626,490,1.2775510204081633,RGB,1,52.5393786268501,44.50337638540041,1,255,13.0,143.0,acb434bd716edfe1e2640bd740291595,bcbc9e4b59130393,65826,0.2145986829236487,True,0.40814696485623003,0.2979591836734694,0.5895246004740529,0.9101261411945083,0.6554607508532423,1.1604095563139931,0.45729592078438625
malignant (38).png,malignant,datasets/Breast-Cancer-Ultrasound-Images-Dataset/Dataset_BUSI_with_GT\malignant\malignant (38).png,malignant (38),1048,578,1.8131487889273357,RGB,1,108.08365084920362,55.48229592048985,0,255,13.0,202.0,a7a364f1d16efede55765814d67f3929,e19a5ca5b2309f8d,20934,0.03455915370189387,True,0.4770992366412214,0.39965397923875434,0.639024366785208,0.9164133401380168,0.6461403673456616,1.2641509433962264,0.6979350408089829
malignant (39).png,malignant,datasets/Breast-Cancer-Ultrasound-Images-Dataset/Dataset_BUSI_with_GT\malignant\malignant (39).png,malignant (39),564,469,1.2025586353944564,RGB,1,74.05054514660739,63.389728020285744,0,255,6.0,186.0,21bd41367291ebf60a465db2a9afdf5f,a7c4d0183b2be3a7,33347,0.12606798832584795,True,0.5868794326241135,0.36140724946695096,0.5841570183498179,0.8726089372172394,0.6419729056368733,1.1875,0.7023913359683015
malignant (4).png,malignant,datasets/Breast-Cancer-Ultrasound-Images-Dataset/Dataset_BUSI_with_GT\malignant\malignant (4).png,malignant (4),432,473,0.9133192389006343,RGB,1,99.25020064990996,64.02395503892824,0,255,17.0,187.0,68ccd6c8730fd348a0be9b4f6971ed49,9c80633fb862666f,13990,0.06846566439589695,True,0.30671296296296297,0.47780126849894294,0.48479102897332793,0.8465644379994446,0.5967377120487168,1.5702479338842976,0.7644748482293994
malignant (40).png,malignant,datasets/Breast-Cancer-Ultrasound-Images-Dataset/Dataset_BUSI_with_GT\malignant\malignant (40).png,malignant (40),548,461,1.1887201735357917,RGB,1,74.98588438336209,63.11267462488219,0,255,6.0,186.0,6d46d45dd73a3394044a4440a06b94fa,a7f5d0482e2cb2b3,27952,0.11064490080276138,True,0.5273722627737226,0.37418655097613884,0.5158541426727892,0.8288400594764272,0.5591865272373541,1.3385416666666667,0.7926849266767828
malignant (41).png,malignant,datasets/Breast-Cancer-Ultrasound-Images-Dataset/Dataset_BUSI_with_GT\malignant\malignant (41).png,malignant (41),580,476,1.218487394957983,RGB,1,76.20173500434656,64.98234779613271,0,255,5.0,192.0,9e642d9ec1783d9838071578dc09fa44,ec87b231755ccc83,25281,0.09157128368588816,True,0.6982758620689655,0.32563025210084034,0.4553642504496621,0.8493930714675395,0.598807720968246,1.9251700680272108,0.8647580527957883
malignant (42).png,malignant,datasets/Breast-Cancer-Ultrasound-Images-Dataset/Dataset_BUSI_with_GT\malignant\malignant (42).png,malignant (42),578,439,1.316628701594533,RGB,1,73.84512615176045,61.74544347731402,0,255,5.0,182.0,f406bc323289d62eff1f76d678e5a4e9,a7c4d0183b294df7,30381,0.11973185361508934,True,0.5821799307958477,0.3553530751708428,0.5433172397615617,0.8485208271495004,0.6692530657748049,1.1794871794871795,0.6472689245361211
malignant (43).png,malignant,datasets/Breast-Cancer-Ultrasound-Images-Dataset/Dataset_BUSI_with_GT\malignant\malignant (43).png,malignant (43),543,571,0.9509632224168126,RGB,1,50.12263064701841,53.681566088130566,0,255,1.0,154.0,1e12dd7645cbc2f071bd7455e304e173,c2c2cf3d3ca2ca8e,85234,0.27490138782724244,True,0.4714548802946593,0.26532399299474607,0.4023757102839064,0.8455327663831916,0.6781822267160993,1.872093023255814,0.8687500648495426
malignant (44).png,malignant,datasets/Breast-Cancer-Ultrasound-Images-Dataset/Dataset_BUSI_with_GT\malignant\malignant (44).png,malignant (44),765,580,1.3189655172413792,RGB,1,92.09299301329727,60.999158819120204,0,255,12.0,192.0,0656e0ead7cf3c20bad93680d4797020,ade9da1a9694688d,13556,0.030552174892945684,True,0.726797385620915,0.27844827586206894,0.7032804380820219,0.9260056224620831,0.6554884040880503,1.2421875,0.6779687343419806
malignant (45).png,malignant,datasets/Breast-Cancer-Ultrasound-Images-Dataset/Dataset_BUSI_with_GT\malignant\malignant (45).png,malignant (45),781,592,1.3192567567567568,RGB,1,80.93687709796865,59.64061234026596,0,248,5.0,190.0,299c4bb85806d76b7a156aa28b9be6ae,e9c6083999b4a7b3,80381,0.1738523895214036,True,0.36555697823303457,0.6866554054054054,0.5175566563533921,0.8787962253964932,0.6779151793302737,1.1635220125786163,0.43089020974982795
malignant (46).png,malignant,datasets/Breast-Cancer-Ultrasound-Images-Dataset/Dataset_BUSI_with_GT\malignant\malignant (46).png,malignant (46),785,571,1.3747810858143608,RGB,1,94.09608575858645,51.21039619800454,0,251,15.0,176.0,20e949fc87ae16d826cc9c7d24e90b1d,bcea4908c8c9e3e7,24723,0.055156335404419554,True,0.5,0.24956217162872155,0.4216682390852857,0.8257934286635116,0.5259615384615385,1.4606741573033708,0.798693840521443
malignant (47).png,malignant,datasets/Breast-Cancer-Ultrasound-Images-Dataset/Dataset_BUSI_with_GT\malignant\malignant (47).png,malignant (47),562,471,1.1932059447983014,RGB,1,78.78967291520276,50.12778829424851,0,255,14.0,173.0,918c371e128ff76db7c37400b3486944,b4ccc881a3b6bada,53149,0.20078805600259914,True,0.46886120996441283,0.3036093418259023,0.45450331190790305,0.8454752167380423,0.601874942802233,1.757847533632287,0.8092198970593011
malignant (48).png,malignant,datasets/Breast-Cancer-Ultrasound-Images-Dataset/Dataset_BUSI_with_GT\malignant\malignant (48).png,malignant (48),552,493,1.1196754563894524,RGB,1,84.89230017344269,61.18033318644569,0,255,13.0,190.0,af035a87ff8dee2e2b9262d70fbc57fc,d5e4c81a1b9b92ec,12628,0.04640326895375842,True,0.6032608695652174,0.23732251521298176,0.6417684094537074,0.9008312461432357,0.6497617426820966,1.4955752212389382,0.701188275728466
malignant (49).png,malignant,datasets/Breast-Cancer-Ultrasound-Images-Dataset/Dataset_BUSI_with_GT\malignant\malignant (49).png,malignant (49),622,491,1.2668024439918533,RGB,1,81.86859941978113,53.657037418250724,0,255,15.0,176.0,177fdb53ace909dbf3df529b13f79d62,a4a6cbd9d938c2c6,18352,0.06009128951349369,True,0.5409967845659164,0.25661914460285135,0.41422140391995615,0.8381583536798046,0.5881249184179611,1.1533742331288344,0.5321751099349823
malignant (5).png,malignant,datasets/Breast-Cancer-Ultrasound-Images-Dataset/Dataset_BUSI_with_GT\malignant\malignant (5).png,malignant (5),431,476,0.9054621848739496,RGB,1,98.86997211877791,64.2415935520113,0,255,16.0,188.0,47c8c8fe69393b20591d83e3892aacd6,9d80633fb822666f,11825,0.05763906490670514,True,0.3039443155452436,0.4653361344537815,0.468911388490934,0.8566934379510714,0.559917755200774,1.2230769230769232,0.6045107858354701
malignant (50).png,malignant,datasets/Breast-Cancer-Ultrasound-Images-Dataset/Dataset_BUSI_with_GT\malignant\malignant (50).png,malignant (50),567,469,1.208955223880597,RGB,1,58.84419926068824,56.992933706418775,0,255,2.0,173.0,cbf76557cec18cbdd7b505544f17aa58,eec084b438d3d3d3,21336,0.08023375187554292,True,0.5440917107583775,0.2889125799573561,0.3896983204640496,0.7921498998904462,0.4537173273325255,1.028301886792453,0.9114088067498753
malignant (51).png,malignant,datasets/Breast-Cancer-Ultrasound-Images-Dataset/Dataset_BUSI_with_GT\malignant\malignant (51).png,malignant (51),588,437,1.345537757437071,RGB,1,79.61815252416756,55.6091949512055,0,255,14.0,182.0,f0285410348b0154919a2807b532185e,91bcfe4b66c66121,22299,0.0867813944799888,True,0.28316326530612246,0.2608695652173913,0.40291532659258517,0.7957180440896308,0.5072403423548462,1.587878787878788,0.8237300742108862
malignant (52).png,malignant,datasets/Breast-Cancer-Ultrasound-Images-Dataset/Dataset_BUSI_with_GT\malignant\malignant (52).png,malignant (52),552,462,1.1948051948051948,RGB,1,73.9565138967313,50.038730205618414,0,255,9.0,164.0,fb301d282065665fef81e80f11f7c84e,97adf0f0c8c8b0b9,52998,0.20781573498964803,True,0.39221014492753625,0.24675324675324675,0.391530555618861,0.8482976897796629,0.6307752497893343,2.1846153846153844,0.9182019973409054
malignant (53).png,malignant,datasets/Breast-Cancer-Ultrasound-Images-Dataset/Dataset_BUSI_with_GT\malignant\malignant (53).png,malignant (53),569,471,1.208067940552017,RGB,2,81.5808678390591,51.817656264909154,0,255,3.0,174.0,ee09e1343f3ab216d6322458fdfef12d,f99406c9d95989e6,15881,0.059257683797327605,True,0.5052724077328646,0.24416135881104034,0.33082648261170144,0.8447974269269835,0.5323389276063148,3.550561797752809,0.9585291190656601
malignant (54).png,malignant,datasets/Breast-Cancer-Ultrasound-Images-Dataset/Dataset_BUSI_with_GT\malignant\malignant (54).png,malignant (54),777,580,1.339655172413793,RGB,1,89.63999467447744,52.2923226426028,0,250,14.0,182.0,b3aeecd398f661619692927ca6b3f70b,9bf97086c686a9b8,27432,0.060870722939688454,True,0.3642213642213642,0.27327586206896554,0.459729856495218,0.8565344057759904,0.6238122693726937,1.69375,0.8388588732511982
malignant (55).png,malignant,datasets/Breast-Cancer-Ultrasound-Images-Dataset/Dataset_BUSI_with_GT\malignant\malignant (55).png,malignant (55),786,556,1.4136690647482015,RGB,1,107.25515312940487,46.3447321252595,0,244,32.0,187.0,06592a83647f71bc05b04dcbe1000eb8,87ef30e0f8a1832f,20759,0.04750169330184707,True,0.15394402035623408,0.2949640287769784,0.47078697040687706,0.866731703179013,0.596540650999854,1.4258064516129032,0.7550952736284556
malignant (56).png,malignant,datasets/Breast-Cancer-Ultrasound-Images-Dataset/Dataset_BUSI_with_GT\malignant\malignant (56).png,malignant (56),690,538,1.2825278810408922,RGB,1,42.58306125747535,33.404004385629726,0,213,5.0,108.0,a79e7df6593e4f8cb19df4300f8681c6,86c8c8b7b35e14b5,70542,0.19002747696783578,True,0.7144927536231884,0.3048327137546468,0.52603223142756,0.8846591555707295,0.708937528499772,1.5176470588235293,0.7634077227480788
malignant (57).png,malignant,datasets/Breast-Cancer-Ultrasound-Images-Dataset/Dataset_BUSI_with_GT\malignant\malignant (57).png,malignant (57),717,533,1.3452157598499062,RGB,1,49.269352445696974,31.876152010672353,0,215,10.0,109.0,f0bf6cf12e3dcfc81ea8f1b587f1b20e,97cb483515156dec,47395,0.12401841108852028,True,0.7092050209205021,0.24765478424015008,0.5547199435207509,0.8907795091768368,0.6302540756855478,1.9187817258883249,0.8605714447643931
malignant (58).png,malignant,datasets/Breast-Cancer-Ultrasound-Images-Dataset/Dataset_BUSI_with_GT\malignant\malignant (58).png,malignant (58),688,558,1.2329749103942653,RGB,1,53.72461604984579,38.03653245984229,0,255,2.0,128.0,0308189454d9ccfacce939d68fd33a3f,99e3ca941d9dc8d2,77150,0.20096169875802283,True,0.6242732558139535,0.3503584229390681,0.5891198469255482,0.8852730026242471,0.71295434232087,1.4306569343065694,0.79086002884066
malignant (59).png,malignant,datasets/Breast-Cancer-Ultrasound-Images-Dataset/Dataset_BUSI_with_GT\malignant\malignant (59).png,malignant (59),682,561,1.2156862745098038,RGB,1,45.89616625109121,38.72644253061111,0,255,5.0,122.0,e1d790cfb22c6f2caa87afdd17363425,bfbd46063a39d04c,89827,0.2347792222727534,True,0.4083577712609971,0.5151515151515151,0.47223441363182705,0.8386778072602044,0.6809243697478992,1.730909090909091,0.8436199494482837
malignant (6).png,malignant,datasets/Breast-Cancer-Ultrasound-Images-Dataset/Dataset_BUSI_with_GT\malignant\malignant (6).png,malignant (6),432,478,0.9037656903765691,RGB,1,95.86722260963893,64.16379288265712,0,255,15.0,188.0,4f5c05b7bde493f2d4b04f0b8225bdae,91806e3f7963266e,12527,0.060664613358128006,True,0.3506944444444444,0.5052301255230126,0.44703896497973206,0.8813534968928481,0.6208502024291498,0.8552631578947368,0.7973396902924011
malignant (60).png,malignant,datasets/Breast-Cancer-Ultrasound-Images-Dataset/Dataset_BUSI_with_GT\malignant\malignant (60).png,malignant (60),681,559,1.2182468694096602,RGB,1,55.19644634981179,42.70625658027863,0,255,9.0,141.0,2cee5c9f20cee79670cc2b6147b4cf91,b7f248486d05e5e9,62164,0.1632976865022762,True,0.4008810572687225,0.4937388193202147,0.44646412504417354,0.8727004733694266,0.6097297725494856,1.925764192139738,0.8638527028682975
malignant (61).png,malignant,datasets/Breast-Cancer-Ultrasound-Images-Dataset/Dataset_BUSI_with_GT\malignant\malignant (61).png,malignant (61),566,462,1.225108225108225,RGB,1,105.57433879430346,47.153328410497366,0,255,31.0,181.0,119cbacef40072b6355cbc9643a5a388,b68909fce4a079d3,8327,0.031844186437826015,True,0.35954063604240283,0.30952380952380953,0.5956986095201457,0.9051269232905627,0.5919427492008137,1.5913978494623655,0.7554189400493619
malignant (62).png,malignant,datasets/Breast-Cancer-Ultrasound-Images-Dataset/Dataset_BUSI_with_GT\malignant\malignant (62).png,malignant (62),693,565,1.2265486725663717,RGB,1,77.14132985991392,52.479501023094215,0,228,15.0,167.0,14ff9da79848d2348f433b607f8f5b1a,b1a38f1c3c1a4bf1,54345,0.13879630693789985,True,0.3795093795093795,0.47699115044247786,0.4347284801817142,0.8121957294567851,0.5975378156860132,1.3527131782945736,0.6736474926475803
malignant (63).png,malignant,datasets/Breast-Cancer-Ultrasound-Images-Dataset/Dataset_BUSI_with_GT\malignant\malignant (63).png,malignant (63),795,572,1.3898601398601398,RGB,1,97.41859084311915,69.80354448456431,0,255,2.0,199.0,fe609a8db09b201907aa7001ad2b4bb8,e3879c48e0eb2397,73334,0.16126577824691032,True,0.5742138364779874,0.40472027972027974,0.5112415707861601,0.8380054948536145,0.6098759221998659,1.4788732394366197,0.7389016338925208
malignant (64).png,malignant,datasets/Breast-Cancer-Ultrasound-Images-Dataset/Dataset_BUSI_with_GT\malignant\malignant (64).png,malignant (64),772,479,1.6116910229645094,RGB,1,47.373976440555126,47.53725365957329,0,255,1.0,139.0,2c42487d1f32efff3c8036a34d00b9b4,d1948442facfb3b1,25526,0.06902874079202137,True,0.29468911917098445,0.35281837160751567,0.3409732393871013,0.7937554343530155,0.5265205536912752,2.1476510067114094,0.8988030835913057
malignant (65).png,malignant,datasets/Breast-Cancer-Ultrasound-Images-Dataset/Dataset_BUSI_with_GT\malignant\malignant (65).png,malignant (65),922,584,1.5787671232876712,RGB,1,62.17063300448697,39.58251084073397,0,251,1.0,129.0,c0b070e3c10df6cc0276a9f5b30da342,c194c66e7a19c787,20141,0.037405654770748524,True,0.35683297180043383,0.4529109589041096,0.47126241323524515,0.8092438347215417,0.5798373412907378,1.3024691358024691,0.7069834851324096
malignant (66).png,malignant,datasets/Breast-Cancer-Ultrasound-Images-Dataset/Dataset_BUSI_with_GT\malignant\malignant (66).png,malignant (66),655,584,1.1215753424657535,RGB,1,72.86798337341838,37.40045557063544,0,253,20.0,135.0,d3979ea75900db7d3f6b789cd10d132b,d89cc7677919c486,21299,0.05568074871902123,True,0.3267175572519084,0.4546232876712329,0.48054606435109326,0.8332770303837211,0.6176063391068694,1.2621951219512195,0.5738420999947305
malignant (67).png,malignant,datasets/Breast-Cancer-Ultrasound-Images-Dataset/Dataset_BUSI_with_GT\malignant\malignant (67).png,malignant (67),946,604,1.5662251655629138,RGB,1,62.90771005138401,41.83776173563417,0,251,1.0,135.0,756fb833bcfb3f837e1ad19ebebfb401,d181047e6e673ba5,24388,0.04268232922167929,True,0.4751585623678647,0.3890728476821192,0.39652711179177097,0.7536545919889459,0.49879452965872717,0.8148148148148148,0.8240334635131359
malignant (68).png,malignant,datasets/Breast-Cancer-Ultrasound-Images-Dataset/Dataset_BUSI_with_GT\malignant\malignant (68).png,malignant (68),574,464,1.2370689655172413,RGB,1,63.73074612519524,51.64471477011911,0,255,1.0,153.0,c53d20b7c346c1f0efacb2bc6f2c8a63,a9c5d2d82c4bf4b4,73482,0.2758996155232488,True,0.40853658536585363,0.44719827586206895,0.6149789577242541,0.9393873043063865,0.6776409922883955,2.052401746724891,0.8704969114174377
malignant (69).png,malignant,datasets/Breast-Cancer-Ultrasound-Images-Dataset/Dataset_BUSI_with_GT\malignant\malignant (69).png,malignant (69),646,461,1.4013015184381779,RGB,1,50.60775471279961,46.359450003562046,0,236,1.0,135.0,a03ec7f7ee75be41e0aa2a505b766a5d,e0809918933fe7e7,19023,0.06387715492636145,True,0.5719814241486069,0.35032537960954446,0.2989608776467081,0.7471564123653434,0.4786290737123471,1.9295774647887325,0.9068374349240323
malignant (7).png,malignant,datasets/Breast-Cancer-Ultrasound-Images-Dataset/Dataset_BUSI_with_GT\malignant\malignant (7).png,malignant (7),432,474,0.9113924050632911,RGB,1,97.4115682137834,64.74668740584461,0,255,16.0,190.0,e7d4faddaef61945b11d4bc8d4e79062,9980663bf965666a,10196,0.049792936396311924,True,0.3113425925925926,0.48628691983122363,0.584300894826617,0.8838495575221239,0.6334030948756976,1.3518518518518519,0.7912665296110921
malignant (70).png,malignant,datasets/Breast-Cancer-Ultrasound-Images-Dataset/Dataset_BUSI_with_GT\malignant\malignant (70).png,malignant (70),668,463,1.4427645788336934,RGB,1,43.85830498829555,43.71490020531418,0,253,1.0,126.0,9f4ac638e8046bd99595b7efbdceaa8a,e0808e4d9d3fb1b3,16182,0.05232084427257795,True,0.500748502994012,0.33369330453563717,0.4348974113378248,0.8182825342024579,0.5764483810076957,1.3661971830985915,0.8498704727208591
malignant (71).png,malignant,datasets/Breast-Cancer-Ultrasound-Images-Dataset/Dataset_BUSI_with_GT\malignant\malignant (71).png,malignant (71),528,592,0.8918918918918919,RGB,1,60.642704494266994,55.003056350614635,0,247,2.0,172.0,61fec3e04ed4e912c5339ab4c8455241,a4f4ca8bb93d7430,74179,0.23731508497133497,True,0.4375,0.42905405405405406,0.3977778676937365,0.8432548106160572,0.6995697327964513,1.2405498281786942,0.5943547379445181
malignant (72).png,malignant,datasets/Breast-Cancer-Ultrasound-Images-Dataset/Dataset_BUSI_with_GT\malignant\malignant (72).png,malignant (72),528,598,0.882943143812709,RGB,1,59.680586171075305,57.63965120264975,0,255,1.0,175.0,d51507e0dd0d774a5ce8f0deda3b80c4,eba7959991786262,122106,0.38672468835512314,True,0.5738636363636364,0.5267558528428093,0.6213008570881282,0.910727212035061,0.744409699868175,0.946987951807229,0.582727912098563
malignant (73).png,malignant,datasets/Breast-Cancer-Ultrasound-Images-Dataset/Dataset_BUSI_with_GT\malignant\malignant (73).png,malignant (73),549,474,1.1582278481012658,RGB,1,87.89991392097639,53.711332110127216,0,255,9.0,187.0,0a7e41e3f5397a91a17aeb688d14262d,99df62c0c6b3c18d,9757,0.0374943318500073,True,0.2859744990892532,0.2289029535864979,0.4848486270482942,0.7964812570521125,0.5843451066961001,1.3981481481481481,0.6924918377180246
malignant (74).png,malignant,datasets/Breast-Cancer-Ultrasound-Images-Dataset/Dataset_BUSI_with_GT\malignant\malignant (74).png,malignant (74),558,464,1.2025862068965518,RGB,1,93.70366379310344,50.159902381609264,0,255,12.0,184.0,0f87948767b2b1598d7e84ef57bd684b,b5ca70e08793c3d3,11269,0.043524440736620935,True,0.3154121863799283,0.1961206896551724,0.5444267729822092,0.8882724239134805,0.6471966723299549,1.6732673267326732,0.816556133598312
malignant (75).png,malignant,datasets/Breast-Cancer-Ultrasound-Images-Dataset/Dataset_BUSI_with_GT\malignant\malignant (75).png,malignant (75),441,412,1.0703883495145632,RGB,1,55.710488078726634,47.94555257339905,0,238,1.0,139.0,e26325e08261ed9f732fd9f4ce2bac4a,a184d44e5e969abb,39280,0.21619003588490412,True,0.6780045351473923,0.2220873786407767,0.6438049883121439,0.9024690212094492,0.746869718850822,1.5380434782608696,0.741499678542774
malignant (76).png,malignant,datasets/Breast-Cancer-Ultrasound-Images-Dataset/Dataset_BUSI_with_GT\malignant\malignant (76).png,malignant (76),769,494,1.55668016194332,RGB,1,29.914555945731088,32.90357439890321,0,217,1.0,103.0,eecdf15959a1bcf5296b1cb632c1134a,d0c4c0c78f8dd9d9,62583,0.16474152772147432,True,0.37581274382314694,0.32186234817813764,0.4008433523178389,0.777648099693165,0.48424569218145586,1.575438596491228,0.9207328736748891
malignant (77).png,malignant,datasets/Breast-Cancer-Ultrasound-Images-Dataset/Dataset_BUSI_with_GT\malignant\malignant (77).png,malignant (77),801,587,1.364565587734242,RGB,1,75.6947576177138,54.31675965382833,0,255,10.0,179.0,c8048f6eb8d18907f289f7b59c92b7e7,c8e0a29f8f98e6e8,52504,0.1116662094017912,True,0.5006242197253433,0.22657580919931858,0.7493210460676613,0.9593723525728388,0.7435659534379149,1.4343891402714932,0.7059033510337531
malignant (78).png,malignant,datasets/Breast-Cancer-Ultrasound-Images-Dataset/Dataset_BUSI_with_GT\malignant\malignant (78).png,malignant (78),880,567,1.5520282186948853,RGB,1,73.82427248677249,54.001991569443405,0,255,8.0,178.0,204864f356462e2b4687db28821178d5,8980a6bf98d9e4e9,58379,0.11700136283469617,True,0.5238636363636363,0.23897707231040563,0.6679145462546775,0.9450591595267238,0.7201116693195384,1.6026785714285714,0.7672771967051004
malignant (79).png,malignant,datasets/Breast-Cancer-Ultrasound-Images-Dataset/Dataset_BUSI_with_GT\malignant\malignant (79).png,malignant (79),564,468,1.205128205128205,RGB,1,78.43590122446506,66.10200721090462,0,255,7.0,194.0,3444f058e359a2ece68180e6f31077ab,bdd0c34b0eb4b478,42462,0.16087015821058373,True,0.4033687943262411,0.3162393162393162,0.5478351175662254,0.8882664439958143,0.6173998648211819,1.7185929648241205,0.8583677304885562
malignant (8).png,malignant,datasets/Breast-Cancer-Ultrasound-Images-Dataset/Dataset_BUSI_with_GT\malignant\malignant (8).png,malignant (8),426,473,0.9006342494714588,RGB,1,96.05020397224786,64.54484013564482,0,255,15.0,189.0,b7c12e5838bf315d4fcca61469279d20,9984663b7961276e,11091,0.055042729952654613,True,0.3286384976525822,0.49577167019027485,0.5163934156877069,0.8640015910898966,0.5771949404761905,1.1484375,0.74290589980676
malignant (80).png,malignant,datasets/Breast-Cancer-Ultrasound-Images-Dataset/Dataset_BUSI_with_GT\malignant\malignant (80).png,malignant (80),643,443,1.4514672686230248,RGB,1,106.03138856025473,56.41789576037548,0,255,22.0,196.59999999997672,367b20990755fbe0195e553032876b9f,81c060213d7f7f5d,28029,0.09839950289451604,True,0.16796267496111975,0.4142212189616253,0.4699047360647886,0.8571362149931032,0.5922574427072178,0.5551724137931034,0.8934952494963386
malignant (81).png,malignant,datasets/Breast-Cancer-Ultrasound-Images-Dataset/Dataset_BUSI_with_GT\malignant\malignant (81).png,malignant (81),764,452,1.6902654867256637,RGB,1,99.1146040865496,60.25541702310173,0,255,1.0,196.0,7044333c1644ddfd11afb5056edf0532,94c460149e7bddce,30692,0.08887782050688041,True,0.281413612565445,0.5088495575221239,0.7309132123734259,0.9596189392862221,0.7391754082799913,1.2541436464088398,0.5476961632050557
malignant (82).png,malignant,datasets/Breast-Cancer-Ultrasound-Images-Dataset/Dataset_BUSI_with_GT\malignant\malignant (82).png,malignant (82),569,459,1.2396514161220045,RGB,1,62.4038350352834,67.71372106118368,0,255,1.0,184.0,1416c3994d0874cfb2e4165bc68ed89f,a3c3d54c7c38998b,30947,0.11849324771892744,True,0.37521968365553604,0.38344226579520696,0.4670161163891754,0.8563541330941804,0.6321582257530619,1.9119496855345912,0.8642275241626566
malignant (83).png,malignant,datasets/Breast-Cancer-Ultrasound-Images-Dataset/Dataset_BUSI_with_GT\malignant\malignant (83).png,malignant (83),654,616,1.0616883116883118,RGB,1,71.33937755669407,34.998325672220396,0,241,26.0,138.0,8b1084d139f3699b7d0b56ce8dd718f1,a7dc98236754b8d1,20991,0.05210443226498272,True,0.536697247706422,0.45211038961038963,0.5525598049147733,0.8572168687182675,0.5673277375466316,1.2916666666666667,0.7408398860106452
malignant (84).png,malignant,datasets/Breast-Cancer-Ultrasound-Images-Dataset/Dataset_BUSI_with_GT\malignant\malignant (84).png,malignant (84),649,612,1.0604575163398693,RGB,1,74.08926755088271,38.10985793816241,0,251,25.0,143.0,64ad64463252f64c1e4a437ae446cb27,e59d13636c4cb9c1,39438,0.09929303000090638,True,0.6171032357473035,0.5065359477124183,0.5498939904949193,0.8853435270363774,0.5525656273893467,1.2573839662447257,0.6959836985811907
malignant (85).png,malignant,datasets/Breast-Cancer-Ultrasound-Images-Dataset/Dataset_BUSI_with_GT\malignant\malignant (85).png,malignant (85),733,485,1.511340206185567,RGB,1,55.44828905359981,32.55135272872305,0,255,8.0,112.0,c2da78cd3f6c73ea4dba42747eae5134,ac869b7161ae86bc,69371,0.1951336830705616,True,0.5429740791268759,0.5,0.5485563261843549,0.9149121465752788,0.6522122383985441,2.1026785714285716,0.891767021617023
malignant (86).png,malignant,datasets/Breast-Cancer-Ultrasound-Images-Dataset/Dataset_BUSI_with_GT\malignant\malignant (86).png,malignant (86),735,483,1.5217391304347827,RGB,1,56.426557372431375,32.7233770219169,0,255,8.0,112.0,04af03aaf063ac24283b57ad96840a7d,a4c69b7865e68696,82710,0.2329826340474078,True,0.46462585034013604,0.5196687370600414,0.5396597830427174,0.9022967032967033,0.5913929703255546,1.9475655430711611,0.916957075461101
malignant (87).png,malignant,datasets/Breast-Cancer-Ultrasound-Images-Dataset/Dataset_BUSI_with_GT\malignant\malignant (87).png,malignant (87),561,499,1.1242484969939879,RGB,1,61.993319973279895,58.30779227591025,0,255,1.0,170.0,958c1784aea16cefa87e371881ef6ae6,cdc96b369591e868,30544,0.10910948456628052,True,0.7344028520499108,0.21042084168336672,0.7302191050724903,0.9502648663093198,0.7073670169198006,1.4277456647398843,0.6849168404566273
malignant (88).png,malignant,datasets/Breast-Cancer-Ultrasound-Images-Dataset/Dataset_BUSI_with_GT\malignant\malignant (88).png,malignant (88),775,591,1.3113367174280879,RGB,1,83.03475574477376,60.28703751249307,0,255,12.0,193.0,04dbad7d85378c96fea625f6f588f3a4,b9a2ee9d886a7225,34368,0.07503520550188308,True,0.46838709677419355,0.31049069373942473,0.6438815280766488,0.9210159160176092,0.6923468556533072,1.5852272727272727,0.8052402848246833
malignant (89).png,malignant,datasets/Breast-Cancer-Ultrasound-Images-Dataset/Dataset_BUSI_with_GT\malignant\malignant (89).png,malignant (89),786,585,1.3435897435897435,RGB,1,63.81108718818643,61.31487648325906,0,255,1.0,177.0,c02dac095cfb251bae2d3c9fc3f7e1ba,f981814e9f1763e8,106380,0.23135642982971227,True,0.4904580152671756,0.3811965811965812,0.3220092762714132,0.805397955053949,0.5346118365029804,2.6863468634686347,0.9440798779880938
malignant (9).png,malignant,datasets/Breast-Cancer-Ultrasound-Images-Dataset/Dataset_BUSI_with_GT\malignant\malignant (9).png,malignant (9),430,480,0.8958333333333334,RGB,1,95.41061046511628,64.97416961281918,0,255,15.0,190.0,20238c12389cf44196740f06e0578096,9984663b7961276e,10863,0.05263081395348837,True,0.3267441860465116,0.496875,0.6890323492998468,0.926800677289107,0.6321665482113243,0.9402985074626866,0.6874473814569313
malignant (90).png,malignant,datasets/Breast-Cancer-Ultrasound-Images-Dataset/Dataset_BUSI_with_GT\malignant\malignant (90).png,malignant (90),783,587,1.333901192504259,RGB,1,114.80317914107493,60.150502354807976,0,255,5.0,203.0,005a0957ad413295edc770eb7a04def1,b6c909e66672928f,48021,0.10447956033340514,True,0.4355044699872286,0.4028960817717206,0.5582634121936009,0.8786798326236156,0.6254109138724523,1.3888888888888888,0.750579055349071
malignant (91).png,malignant,datasets/Breast-Cancer-Ultrasound-Images-Dataset/Dataset_BUSI_with_GT\malignant\malignant (91).png,malignant (91),550,494,1.1133603238866396,RGB,1,71.83302907618697,56.312224837642006,0,255,4.0,177.0,44fd6e1d1598271d43baf45c1fe3f5c3,e5959b8e80f29ac3,41721,0.1535553919764446,True,0.5318181818181819,0.33805668016194335,0.45795196394112914,0.8063658403065613,0.5666785743727845,1.2531120331950207,0.5417465015223671
malignant (92).png,malignant,datasets/Breast-Cancer-Ultrasound-Images-Dataset/Dataset_BUSI_with_GT\malignant\malignant (92).png,malignant (92),617,581,1.0619621342512908,RGB,1,118.71258407094457,51.30426137654706,0,255,34.0,200.0,9a0481eed3dad01c2c698df44814f2e5,a6d20ddd39a662b2,22068,0.06156043483961314,True,0.5235008103727715,0.2908777969018933,0.5687390183231729,0.8718729344843471,0.5786870862247747,0.949748743718593,0.6099020658302419
malignant (93).png,malignant,datasets/Breast-Cancer-Ultrasound-Images-Dataset/Dataset_BUSI_with_GT\malignant\malignant (93).png,malignant (93),554,470,1.1787234042553192,RGB,1,94.41694830632153,45.33974347246099,0,255,28.0,171.0,723a2711cd1940e04801470e45f2cea4,96e1b196da6c6991,37501,0.1440241185958983,True,0.5361010830324909,0.3276595744680851,0.6925009753150188,0.9698758210046616,0.7292685321551301,1.6628571428571428,0.8359636885420472
malignant (94).png,malignant,datasets/Breast-Cancer-Ultrasound-Images-Dataset/Dataset_BUSI_with_GT\malignant\malignant (94).png,malignant (94),564,452,1.247787610619469,RGB,1,110.41307741793761,43.39383636023268,0,255,39.0,183.0,949a09d93c91667605e7b87a74e462b3,dce1179ec84969d8,51666,0.20266898889098098,True,0.4778368794326241,0.4103982300884956,0.46288094669675617,0.8239327119067377,0.4953549424574728,1.5038167938931297,0.8651293901701446
malignant (95).png,malignant,datasets/Breast-Cancer-Ultrasound-Images-Dataset/Dataset_BUSI_with_GT\malignant\malignant (95).png,malignant (95),781,486,1.6069958847736625,RGB,1,81.48872923286069,55.86852762881241,0,255,1.0,171.0,051595bbed0f71f7f9ef4dd2b6f9b0dd,f58458f087fa53c4,56403,0.14859866268316974,True,0.6414852752880922,0.2993827160493827,0.5435810694118813,0.9220929177629137,0.6466223250433777,2.3947368421052633,0.9157070748046208
malignant (96).png,malignant,datasets/Breast-Cancer-Ultrasound-Images-Dataset/Dataset_BUSI_with_GT\malignant\malignant (96).png,malignant (96),560,483,1.1594202898550725,RGB,1,85.202950310559,54.560941226066774,0,255,2.0,172.0,61e4b1f18fce50cc52ef73b2d587ae68,e3835c7c81bbd0c5,57534,0.21271073646850044,True,0.64375,0.3002070393374741,0.5884914392170025,0.9190556356577283,0.6182967009147267,1.6995708154506437,0.8494909349049067
malignant (97).png,malignant,datasets/Breast-Cancer-Ultrasound-Images-Dataset/Dataset_BUSI_with_GT\malignant\malignant (97).png,malignant (97),583,486,1.199588477366255,RGB,1,86.19192272127283,54.685988478610554,0,255,2.0,173.0,ba9753b1708a90ff0c2089c2adb59d50,e1835c7c81bfd0c5,51487,0.18171583056279073,True,0.6552315608919382,0.30349794238683125,0.5534999618491218,0.9092286304983247,0.6492275191529435,1.9257425742574257,0.8962312432618786
malignant (98).png,malignant,datasets/Breast-Cancer-Ultrasound-Images-Dataset/Dataset_BUSI_with_GT\malignant\malignant (98).png,malignant (98),770,486,1.5843621399176955,RGB,1,83.46243386243387,68.78691491522325,0,255,1.0,204.0,30c6da45178d30518f6006846fbced96,d0c425665a7af8ce,13241,0.035382929827374274,True,0.3344155844155844,0.31790123456790126,0.5043803309895183,0.7955714810731349,0.5256799417192812,1.2253521126760563,0.6431939038284366
malignant (99).png,malignant,datasets/Breast-Cancer-Ultrasound-Images-Dataset/Dataset_BUSI_with_GT\malignant\malignant (99).png,malignant (99),550,486,1.131687242798354,RGB,1,99.00660680882903,68.7781550642213,0,255,3.0,214.0,041f2516382bfc581e97bca48c38ee12,94e82b67561cdccc,15467,0.05786382341937898,True,0.31545454545454543,0.32613168724279834,0.47057774218436443,0.8064096436726674,0.5047699773966228,1.5797101449275361,0.7850537269017724
normal (1).png,normal,datasets/Breast-Cancer-Ultrasound-Images-Dataset/Dataset_BUSI_with_GT\normal\normal (1).png,normal (1),568,470,1.2085106382978723,RGB,1,83.68363425232245,52.02492111679509,0,255,16.0,173.0,42c301dd249b667712d5aa0cf7335ce8,84a07dd4f4d993a3,0,0.0,False,,,,,,,
normal (10).png,normal,datasets/Breast-Cancer-Ultrasound-Images-Dataset/Dataset_BUSI_with_GT\normal\normal (10).png,normal (10),501,485,1.0329896907216496,RGB,1,46.17049612115974,54.20730924141812,0,255,1.0,154.0,f33b029b2f690dc039b0c92ae710679c,f8b0810436befaf8,0,0.0,False,,,,,,,
normal (100).png,normal,datasets/Breast-Cancer-Ultrasound-Images-Dataset/Dataset_BUSI_with_GT\normal\normal (100).png,normal (100),690,574,1.2020905923344947,RGB,1,60.309478361864365,33.816918154784965,0,241,16.0,125.0,f9195e2edd702f898947770e0f882660,dea0b3474f1e018f,0,0.0,False,,,,,,,
normal (101).png,normal,datasets/Breast-Cancer-Ultrasound-Images-Dataset/Dataset_BUSI_with_GT\normal\normal (101).png,normal (101),678,572,1.1853146853146854,RGB,1,65.88992460342018,39.539737936200076,0,242,23.0,146.0,4753c48a9d076d2e4290d3f4b4c59685,83c56f4a1711c6fa,0,0.0,False,,,,,,,
normal (102).png,normal,datasets/Breast-Cancer-Ultrasound-Images-Dataset/Dataset_BUSI_with_GT\normal\normal (102).png,normal (102),770,576,1.3368055555555556,RGB,1,109.64745670995671,63.77045636219632,0,255,14.0,209.0,0159518c200bf2f4e2e7252153ff7ad5,c5f42a29a2ae2737,0,0.0,False,,,,,,,
normal (103).png,normal,datasets/Breast-Cancer-Ultrasound-Images-Dataset/Dataset_BUSI_with_GT\normal\normal (103).png,normal (103),772,574,1.3449477351916377,RGB,1,104.55754544962178,57.27450441847954,0,249,17.0,194.0,2a2f5044793dc1103019752627a9980b,80b37e88617c9d9b,0,0.0,False,,,,,,,
normal (104).png,normal,datasets/Breast-Cancer-Ultrasound-Images-Dataset/Dataset_BUSI_with_GT\normal\normal (104).png,normal (104),550,471,1.167728237791932,RGB,1,70.83277359583091,45.37511754508148,0,255,17.0,162.0,7ff3d0c604724c0a42155b4d6f7aac4b,d3982aa5334bce95,0,0.0,False,,,,,,,
normal (105).png,normal,datasets/Breast-Cancer-Ultrasound-Images-Dataset/Dataset_BUSI_with_GT\normal\normal (105).png,normal (105),562,463,1.2138228941684666,RGB,1,77.08115877420198,52.44380411653186,0,255,14.0,169.0,dda88b01858427b67d5a8f477de03e7b,b7d1d82a8b9189ad,0,0.0,False,,,,,,,
normal (106).png,normal,datasets/Breast-Cancer-Ultrasound-Images-Dataset/Dataset_BUSI_with_GT\normal\normal (106).png,normal (106),558,468,1.1923076923076923,RGB,1,96.91756655331925,48.00796654501723,0,255,27.0,177.0,3f6be5ad2d51653df05d3cefadc96567,84997aeb977039b0,0,0.0,False,,,,,,,
normal (107).png,normal,datasets/Breast-Cancer-Ultrasound-Images-Dataset/Dataset_BUSI_with_GT\normal\normal (107).png,normal (107),560,468,1.1965811965811965,RGB,1,70.59752365689866,45.05762028819323,0,255,17.0,161.0,ca8c1be5d7c2c18dfd753494df78f475,d3982aa5334bce95,0,0.0,False,,,,,,,
normal (108).png,normal,datasets/Breast-Cancer-Ultrasound-Images-Dataset/Dataset_BUSI_with_GT\normal\normal (108).png,normal (108),770,589,1.3073005093378607,RGB,1,121.72226534077129,58.96739425046942,0,255,24.0,215.0,5bc50482ff426a1de85917c0708c7459,b5c82a5bbce46662,0,0.0,False,,,,,,,
normal (109).png,normal,datasets/Breast-Cancer-Ultrasound-Images-Dataset/Dataset_BUSI_with_GT\normal\normal (109).png,normal (109),557,475,1.1726315789473685,RGB,1,70.32,51.42314874503882,0,254,14.0,171.0,c2a280f1c241cb04afa5cee4554f3bb7,bdb9e96260cac6a1,0,0.0,False,,,,,,,
normal (11).png,normal,datasets/Breast-Cancer-Ultrasound-Images-Dataset/Dataset_BUSI_with_GT\normal\normal (11).png,normal (11),752,576,1.3055555555555556,RGB,1,91.43485427748227,54.80661486839353,0,251,6.0,182.0,7000c4de7893c6e20996ea9e431763fd,b3fc6c00919fe2d1,0,0.0,False,,,,,,,
normal (110).png,normal,datasets/Breast-Cancer-Ultrasound-Images-Dataset/Dataset_BUSI_with_GT\normal\normal (110).png,normal (110),552,468,1.1794871794871795,RGB,1,68.90942803171065,42.193091963788945,0,255,21.0,154.0,dc49bfd0c0447e077b6ecb4f0dbe02b4,c0811fe9fb9e86b0,0,0.0,False,,,,,,,
normal (111).png,normal,datasets/Breast-Cancer-Ultrasound-Images-Dataset/Dataset_BUSI_with_GT\normal\normal (111).png,normal (111),913,663,1.3770739064856712,RGB,1,87.2301018140848,36.19472717817306,9,241,38.0,157.0,8c4a5ef60374b0a2d5b40062cf8df1f5,c53a76e789f0a48a,0,0.0,False,,,,,,,
normal (112).png,normal,datasets/Breast-Cancer-Ultrasound-Images-Dataset/Dataset_BUSI_with_GT\normal\normal (112).png,normal (112),929,655,1.418320610687023,RGB,1,81.56918955784353,35.42465304296625,8,242,38.0,153.0,df4f5ba0c42231e91a6010237c1f15dd,e3b81805d5cf9ae2,0,0.0,False,,,,,,,
normal (113).png,normal,datasets/Breast-Cancer-Ultrasound-Images-Dataset/Dataset_BUSI_with_GT\normal\normal (113).png,normal (113),948,704,1.3465909090909092,RGB,1,65.96258720512083,34.384897728555266,0,255,23.0,127.0,11eb6efc398ffd97c86a71ee466001fa,9eebf45270ac8994,0,0.0,False,,,,,,,
normal (114).png,normal,datasets/Breast-Cancer-Ultrasound-Images-Dataset/Dataset_BUSI_with_GT\normal\normal (114).png,normal (114),916,700,1.3085714285714285,RGB,1,80.63156581409856,32.872620211308984,14,255,40.0,145.0,5296b49fb3b29472b449bcba779ced7c,e4983b43b4e89dac,0,0.0,False,,,,,,,
normal (115).png,normal,datasets/Breast-Cancer-Ultrasound-Images-Dataset/Dataset_BUSI_with_GT\normal\normal (115).png,normal (115),556,494,1.125506072874494,RGB,1,43.80609763201584,46.75402475995514,0,252,1.0,143.0,bb55b96ab4531391e1b44b16f15b61b6,a2dadded90943456,0,0.0,False,,,,,,,
normal (116).png,normal,datasets/Breast-Cancer-Ultrasound-Images-Dataset/Dataset_BUSI_with_GT\normal\normal (116).png,normal (116),785,585,1.3418803418803418,RGB,1,127.6691208013501,42.96734764087105,0,255,60.0,202.0,0a45d3449009e991529cbe9f3dfcfeb8,c0ea11a57fd0e2bc,0,0.0,False,,,,,,,
normal (117).png,normal,datasets/Breast-Cancer-Ultrasound-Images-Dataset/Dataset_BUSI_with_GT\normal\normal (117).png,normal (117),770,574,1.3414634146341464,RGB,1,137.0497692203267,41.62483777009268,0,255,67.0,204.0,67015a273f57dcb5b943d49d05f44b40,acef579862901bf0,0,0.0,False,,,,,,,
normal (118).png,normal,datasets/Breast-Cancer-Ultrasound-Images-Dataset/Dataset_BUSI_with_GT\normal\normal (118).png,normal (118),928,695,1.3352517985611512,RGB,1,58.922032374100716,33.88750870569837,0,255,19.0,123.0,45439746297ec3b1e6d26fe99f1566f0,986a6dc0a2a6dea7,0,0.0,False,,,,,,,
normal (119).png,normal,datasets/Breast-Cancer-Ultrasound-Images-Dataset/Dataset_BUSI_with_GT\normal\normal (119).png,normal (119),552,486,1.1358024691358024,RGB,1,75.8990502176895,65.64133937144284,0,255,1.0,192.0,f271a0b566252fcaaf516ce4a8a5e61b,c0d8aec2bf2bc1d1,0,0.0,False,,,,,,,
normal (12).png,normal,datasets/Breast-Cancer-Ultrasound-Images-Dataset/Dataset_BUSI_with_GT\normal\normal (12).png,normal (12),779,583,1.3361921097770155,RGB,1,105.8049022694795,48.23544611750917,0,255,32.0,191.0,dced59653010b2ffbba0ce05172e2224,bc9e676058bcc6c1,0,0.0,False,,,,,,,
normal (120).png,normal,datasets/Breast-Cancer-Ultrasound-Images-Dataset/Dataset_BUSI_with_GT\normal\normal (120).png,normal (120),772,578,1.3356401384083045,RGB,1,103.33059549635155,50.96268392994177,0,255,31.0,196.0,60a2bb77e563bbec904a098dfc1bf0bf,bdd9e66e4a903581,0,0.0,False,,,,,,,
normal (121).png,normal,datasets/Breast-Cancer-Ultrasound-Images-Dataset/Dataset_BUSI_with_GT\normal\normal (121).png,normal (121),550,465,1.1827956989247312,RGB,1,89.93912414467253,62.27073168299468,0,255,16.0,201.0,9d8fce24ce545d731c23ec1e133bb39c,c1b4fa2a2e296b99,0,0.0,False,,,,,,,
normal (122).png,normal,datasets/Breast-Cancer-Ultrasound-Images-Dataset/Dataset_BUSI_with_GT\normal\normal (122).png,normal (122),766,578,1.3252595155709344,RGB,1,102.43495848654314,49.90444459015071,0,251,24.0,188.0,cd266f30764a2922433e3f822485441e,c4be6b7890e08b9b,0,0.0,False,,,,,,,
normal (123).png,normal,datasets/Breast-Cancer-Ultrasound-Images-Dataset/Dataset_BUSI_with_GT\normal\normal (123).png,normal (123),685,558,1.2275985663082438,RGB,1,45.78958480496036,33.87568181801897,0,231,8.0,113.0,c0f565d1202c84da26a2955f98388509,d1d22e0ccae5d1d9,0,0.0,False,,,,,,,
normal (124).png,normal,datasets/Breast-Cancer-Ultrasound-Images-Dataset/Dataset_BUSI_with_GT\normal\normal (124).png,normal (124),811,712,1.1390449438202248,RGB,1,57.560107510494745,33.61149745608382,0,234,15.0,125.0,a9e9ef86eeb8a10836215de503d3e75f,a9ac5e171e4a589d,0,0.0,False,,,,,,,
normal (125).png,normal,datasets/Breast-Cancer-Ultrasound-Images-Dataset/Dataset_BUSI_with_GT\normal\normal (125).png,normal (125),558,471,1.1847133757961783,RGB,1,91.6361893021026,55.258228082967264,0,255,14.0,182.0,c94382ea9895711a77dbb853526e5459,97e56a9bec908386,0,0.0,False,,,,,,,
normal (126).png,normal,datasets/Breast-Cancer-Ultrasound-Images-Dataset/Dataset_BUSI_with_GT\normal\normal (126).png,normal (126),765,601,1.2728785357737105,RGB,1,66.58452035278893,55.3701105875719,0,255,1.0,168.0,de743ad093f30038927d0f5a2a52427b,eea8991496c353f2,0,0.0,False,,,,,,,
normal (127).png,normal,datasets/Breast-Cancer-Ultrasound-Images-Dataset/Dataset_BUSI_with_GT\normal\normal (127).png,normal (127),555,467,1.1884368308351179,RGB,1,104.30976715473504,43.555137667828916,0,255,38.0,182.0,3934ab19bfc27f77c0eed10fa829ccc9,c1b56eb3ad834dc0,0,0.0,False,,,,,,,
normal (128).png,normal,datasets/Breast-Cancer-Ultrasound-Images-Dataset/Dataset_BUSI_with_GT\normal\normal (128).png,normal (128),622,596,1.0436241610738255,RGB,1,76.17186387276377,59.44034093941342,0,251,10.0,188.0,aff09e6cb6940d589ffddd5288e8b95f,f193aeed6b1c0464,0,0.0,False,,,,,,,
normal (129).png,normal,datasets/Breast-Cancer-Ultrasound-Images-Dataset/Dataset_BUSI_with_GT\normal\normal (129).png,normal (129),617,684,0.902046783625731,RGB,1,61.7777540826675,34.19069496503344,0,255,23.0,130.0,3580b1706d91774598dc0f79aad7df70,e48cdaf22e1911f6,0,0.0,False,,,,,,,
normal (13).png,normal,datasets/Breast-Cancer-Ultrasound-Images-Dataset/Dataset_BUSI_with_GT\normal\normal (13).png,normal (13),779,574,1.3571428571428572,RGB,1,114.5828543697137,54.1592757872195,0,255,22.0,200.0,0e2bc941cc2406a48a30687150de3e35,8eb059cb71ea90e5,0,0.0,False,,,,,,,
normal (130).png,normal,datasets/Breast-Cancer-Ultrasound-Images-Dataset/Dataset_BUSI_with_GT\normal\normal (130).png,normal (130),739,477,1.549266247379455,RGB,1,70.87512163017053,35.82309786078888,0,224,29.0,141.0,890c78d996d8e976abc62e0edd560423,96b5ed6b0b1a449c,0,0.0,False,,,,,,,
normal (131).png,normal,datasets/Breast-Cancer-Ultrasound-Images-Dataset/Dataset_BUSI_with_GT\normal\normal (131).png,normal (131),669,574,1.1655052264808363,RGB,1,61.823117347124786,38.3114953239207,0,241,12.0,133.0,7d2c833976b1e74f99a0fea219fd2ff5,96f049090bc6977f,0,0.0,False,,,,,,,
normal (132).png,normal,datasets/Breast-Cancer-Ultrasound-Images-Dataset/Dataset_BUSI_with_GT\normal\normal (132).png,normal (132),857,700,1.2242857142857142,RGB,1,87.61977829638273,34.46488162214392,14,229,43.0,154.0,eadc18a1071214771d63e9b428960da3,e3ba006572afb18d,0,0.0,False,,,,,,,
normal (133).png,normal,datasets/Breast-Cancer-Ultrasound-Images-Dataset/Dataset_BUSI_with_GT\normal\normal (133).png,normal (133),560,471,1.1889596602972399,RGB,1,82.19858204428269,56.857490127622555,0,255,17.0,192.0,1bfb05bd3d81172a5e31f4d55e4231f4,979f6b63c181c1c5,0,0.0,False,,,,,,,
normal (14).png,normal,datasets/Breast-Cancer-Ultrasound-Images-Dataset/Dataset_BUSI_with_GT\normal\normal (14).png,normal (14),765,581,1.3166953528399312,RGB,1,105.43073582846793,62.686892395185296,0,255,11.0,205.0,c24e296d413ea2ddd187c5de205a5d15,edc33c0eee1209e6,0,0.0,False,,,,,,,
normal (15).png,normal,datasets/Breast-Cancer-Ultrasound-Images-Dataset/Dataset_BUSI_with_GT\normal\normal (15).png,normal (15),554,464,1.1939655172413792,RGB,1,102.30835304369477,67.38197712412848,0,255,16.0,212.0,c11e8ea8b8d551cd76dd52fe7d9a4311,ee9031434efc87a9,0,0.0,False,,,,,,,
normal (16).png,normal,datasets/Breast-Cancer-Ultrasound-Images-Dataset/Dataset_BUSI_with_GT\normal\normal (16).png,normal (16),566,464,1.2198275862068966,RGB,1,111.2723818082125,61.22484288020917,0,255,24.0,219.0,7d758838f5e47104b6b4dd6ac81741f9,c1bb7e7c06c28399,0,0.0,False,,,,,,,
normal (17).png,normal,datasets/Breast-Cancer-Ultrasound-Images-Dataset/Dataset_BUSI_with_GT\normal\normal (17).png,normal (17),560,465,1.2043010752688172,RGB,1,76.84811827956989,60.662565200753136,0,255,2.0,178.0,44c89f4111863611f1b29b24dfe302ba,87a1b99f6c682a8e,0,0.0,False,,,,,,,
normal (18).png,normal,datasets/Breast-Cancer-Ultrasound-Images-Dataset/Dataset_BUSI_with_GT\normal\normal (18).png,normal (18),562,473,1.1881606765327695,RGB,1,59.34732494187927,58.68934887822973,0,255,1.0,167.0,c320d666568f5d86b73772d4c84f356a,9aa4a5995b760ecc,0,0.0,False,,,,,,,
normal (19).png,normal,datasets/Breast-Cancer-Ultrasound-Images-Dataset/Dataset_BUSI_with_GT\normal\normal (19).png,normal (19),660,566,1.1660777385159011,RGB,1,61.785806831566546,37.91206778429339,0,231,12.0,132.0,bff4e87c883b16247ca61426c46e216a,96f449090bc6977e,0,0.0,False,,,,,,,
normal (2).png,normal,datasets/Breast-Cancer-Ultrasound-Images-Dataset/Dataset_BUSI_with_GT\normal\normal (2).png,normal (2),552,471,1.1719745222929936,RGB,1,81.3286293424413,45.830814301862496,0,245,22.0,166.0,26e05f8a3e2da623fc87c7698be3b111,838c791f7c69b892,0,0.0,False,,,,,,,
normal (20).png,normal,datasets/Breast-Cancer-Ultrasound-Images-Dataset/Dataset_BUSI_with_GT\normal\normal (20).png,normal (20),851,687,1.2387190684133915,RGB,1,88.61732493838056,35.06345950545473,15,245,44.0,155.0,3393fdfe5b91068a072317259c19d9c3,e3ba046572ad9d89,0,0.0,False,,,,,,,
normal (21).png,normal,datasets/Breast-Cancer-Ultrasound-Images-Dataset/Dataset_BUSI_with_GT\normal\normal (21).png,normal (21),545,463,1.1771058315334773,RGB,1,71.76194741117958,65.95118538722406,0,255,1.0,187.0,05119f785f7b91d8259f0bd0ed51e57c,f3d3be2c454dc0c2,0,0.0,False,,,,,,,
normal (22).png,normal,datasets/Breast-Cancer-Ultrasound-Images-Dataset/Dataset_BUSI_with_GT\normal\normal (22).png,normal (22),552,470,1.174468085106383,RGB,1,90.76904486586494,54.94800454812704,0,255,14.0,179.0,bf8c280b3211f2a69e7e5f88622168bb,97e56a9bec908386,0,0.0,False,,,,,,,
normal (23).png,normal,datasets/Breast-Cancer-Ultrasound-Images-Dataset/Dataset_BUSI_with_GT\normal\normal (23).png,normal (23),763,578,1.320069204152249,RGB,1,104.60099225874916,57.01267618073005,0,255,19.0,200.0,86bf599675a3e9f5a4c9ea9f2ac43acb,cabb2414036fcbdc,0,0.0,False,,,,,,,
normal (24).png,normal,datasets/Breast-Cancer-Ultrasound-Images-Dataset/Dataset_BUSI_with_GT\normal\normal (24).png,normal (24),626,573,1.0924956369982548,RGB,1,74.24660299193194,57.82871068264848,0,247,10.0,185.0,025338977ba2cc68d186ae1cdd484964,f191aeed6f1c0464,0,0.0,False,,,,,,,
normal (25).png,normal,datasets/Breast-Cancer-Ultrasound-Images-Dataset/Dataset_BUSI_with_GT\normal\normal (25).png,normal (25),781,571,1.3677758318739055,RGB,1,100.73563911730213,49.44451964518103,0,251,23.0,183.0,fac26083bafebc1463b3541f72a7f209,c4be6b7890c08f9b,0,0.0,False,,,,,,,
normal (26).png,normal,datasets/Breast-Cancer-Ultrasound-Images-Dataset/Dataset_BUSI_with_GT\normal\normal (26).png,normal (26),738,475,1.5536842105263158,RGB,1,70.45083440308088,35.482438563138906,0,223,29.0,140.0,88e8552fea1a126e54092283c21bbc7d,96b5ed690b1b449c,0,0.0,False,,,,,,,
normal (27).png,normal,datasets/Breast-Cancer-Ultrasound-Images-Dataset/Dataset_BUSI_with_GT\normal\normal (27).png,normal (27),804,707,1.1371994342291372,RGB,1,57.46771974638828,33.51817282009933,0,230,15.0,124.0,95bdd862b1867519cf610a0e5aa1552f,a9ac5e171e4a591d,0,0.0,False,,,,,,,
normal (28).png,normal,datasets/Breast-Cancer-Ultrasound-Images-Dataset/Dataset_BUSI_with_GT\normal\normal (28).png,normal (28),761,619,1.2294022617124394,RGB,1,66.87632334803071,56.54186588884773,0,255,1.0,172.0,b9eb600e1f12dc540282ee8fabd7fc84,eea8999592c253f2,0,0.0,False,,,,,,,
normal (29).png,normal,datasets/Breast-Cancer-Ultrasound-Images-Dataset/Dataset_BUSI_with_GT\normal\normal (29).png,normal (29),679,567,1.1975308641975309,RGB,1,45.023293930019506,33.30006198500268,0,228,8.0,112.0,bba415cfec75a64d7d4038a7f18cfe95,d1d22e0c4ae5f1d9,0,0.0,False,,,,,,,
normal (3).png,normal,datasets/Breast-Cancer-Ultrasound-Images-Dataset/Dataset_BUSI_with_GT\normal\normal (3).png,normal (3),554,465,1.1913978494623656,RGB,1,74.0169053996351,57.835269326590044,0,255,12.0,189.0,d14d66713258f14645df8f8d7df1bcfa,8380f8551d7abaae,0,0.0,False,,,,,,,
normal (30).png,normal,datasets/Breast-Cancer-Ultrasound-Images-Dataset/Dataset_BUSI_with_GT\normal\normal (30).png,normal (30),550,490,1.1224489795918366,RGB,1,74.80777365491652,65.39680935844017,0,255,1.0,192.0,0bee931793e11c7cf63842ca5e203087,c0d8aac2bf2be1d1,0,0.0,False,,,,,,,
normal (31).png,normal,datasets/Breast-Cancer-Ultrasound-Images-Dataset/Dataset_BUSI_with_GT\normal\normal (31).png,normal (31),547,473,1.1564482029598309,RGB,1,88.9562711851305,62.33983815102791,0,255,16.0,200.0,d154fd54f60974c5b2511815f11e94a9,c1b4fa2a2e296b99,0,0.0,False,,,,,,,
normal (32).png,normal,datasets/Breast-Cancer-Ultrasound-Images-Dataset/Dataset_BUSI_with_GT\normal\normal (32).png,normal (32),557,470,1.1851063829787234,RGB,1,103.54340883914588,43.464907131631065,0,255,38.0,181.0,88aebaa7fc9bf570c007d7ca16dd8821,c1b76eb1bd8345c0,0,0.0,False,,,,,,,
normal (33).png,normal,datasets/Breast-Cancer-Ultrasound-Images-Dataset/Dataset_BUSI_with_GT\normal\normal (33).png,normal (33),777,587,1.323679727427598,RGB,1,104.42769004097795,51.2720877961196,0,255,31.0,197.0,dba8d85354d787470fc68b5d9cb93685,bdd9e66748923485,0,0.0,False,,,,,,,
normal (34).png,normal,datasets/Breast-Cancer-Ultrasound-Images-Dataset/Dataset_BUSI_with_GT\normal\normal (34).png,normal (34),779,576,1.3524305555555556,RGB,1,112.61051606404222,65.2654959330864,0,255,15.0,212.0,60ef9bd54d02b2be6d64ffdb0cf8c3a4,8fb5694a22929d5d,0,0.0,False,,,,,,,
normal (35).png,normal,datasets/Breast-Cancer-Ultrasound-Images-Dataset/Dataset_BUSI_with_GT\normal\normal (35).png,normal (35),616,688,0.8953488372093024,RGB,1,61.06035516082754,33.323013197557465,0,255,23.0,128.0,3e363a5d158e6ec46da2673582a8f9a1,e48cdaf22e1b10f6,0,0.0,False,,,,,,,
normal (36).png,normal,datasets/Breast-Cancer-Ultrasound-Images-Dataset/Dataset_BUSI_with_GT\normal\normal (36).png,normal (36),812,705,1.1517730496453902,RGB,1,57.55660657513189,31.45546550398201,0,247,19.0,118.0,ef8e4433545f860c65b5859b41e318f8,e8e9881417cf9cd6,0,0.0,False,,,,,,,
normal (37).png,normal,datasets/Breast-Cancer-Ultrasound-Images-Dataset/Dataset_BUSI_with_GT\normal\normal (37).png,normal (37),816,709,1.150916784203103,RGB,1,49.61023362095191,38.514762984041994,0,243,10.0,127.0,d4e68e5beaf96b67205cce7163a47100,c6bfe9494a5616c2,0,0.0,False,,,,,,,
normal (38).png,normal,datasets/Breast-Cancer-Ultrasound-Images-Dataset/Dataset_BUSI_with_GT\normal\normal (38).png,normal (38),763,619,1.2326332794830372,RGB,1,52.858256563137175,52.79903387754945,0,236,1.0,152.0,c97923191da73cb45cea32c3481f2392,c4d4bfbbe8e21290,0,0.0,False,,,,,,,
normal (39).png,normal,datasets/Breast-Cancer-Ultrasound-Images-Dataset/Dataset_BUSI_with_GT\normal\normal (39).png,normal (39),757,618,1.2249190938511327,RGB,1,79.03319182773082,52.19506208964151,0,255,8.0,174.0,2a4db3266f61d50a645c46edf90816bf,98f946a78a86c6c7,0,0.0,False,,,,,,,
normal (4).png,normal,datasets/Breast-Cancer-Ultrasound-Images-Dataset/Dataset_BUSI_with_GT\normal\normal (4).png,normal (4),578,434,1.3317972350230414,RGB,1,108.23359191874093,52.26801064239686,22,255,42.0,214.0,40ff25eaa01c4a8cfff56c75973f7e02,daace4b3a2f2c1c4,0,0.0,False,,,,,,,
normal (40).png,normal,datasets/Breast-Cancer-Ultrasound-Images-Dataset/Dataset_BUSI_with_GT\normal\normal (40).png,normal (40),763,598,1.2759197324414715,RGB,1,66.76943240245993,55.30311566733185,0,251,1.0,166.0,dc58682cf3c517e1c07aee463b776270,f2b08d4c7c2d358d,0,0.0,False,,,,,,,
normal (41).png,normal,datasets/Breast-Cancer-Ultrasound-Images-Dataset/Dataset_BUSI_with_GT\normal\normal (41).png,normal (41),761,600,1.2683333333333333,RGB,1,85.06502628120893,57.77346247252018,0,250,2.0,183.0,dc3bb228b1cd469f19cfa9670492826e,c6b8284a1dfc3cb5,0,0.0,False,,,,,,,
normal (42).png,normal,datasets/Breast-Cancer-Ultrasound-Images-Dataset/Dataset_BUSI_with_GT\normal\normal (42).png,normal (42),763,611,1.248772504091653,RGB,1,98.63204295216788,48.7342958290686,0,255,28.0,187.0,3083ca39626039c812dfda2a364f97ae,80be778980d2b3cf,0,0.0,False,,,,,,,
normal (43).png,normal,datasets/Breast-Cancer-Ultrasound-Images-Dataset/Dataset_BUSI_with_GT\normal\normal (43).png,normal (43),759,592,1.2820945945945945,RGB,1,56.620074867357474,53.89302344791317,0,255,1.0,158.0,b43b7b4fa981577fc5919f038782252a,c4d4bfbbe8e212c0,0,0.0,False,,,,,,,
normal (44).png,normal,datasets/Breast-Cancer-Ultrasound-Images-Dataset/Dataset_BUSI_with_GT\normal\normal (44).png,normal (44),761,618,1.2313915857605178,RGB,1,84.4583455596239,58.574024477109596,0,253,2.0,185.0,a21ff2a3ff8f6b4105fc91f80fdac2b1,c4b8284a1dfcbcb5,0,0.0,False,,,,,,,
normal (45).png,normal,datasets/Breast-Cancer-Ultrasound-Images-Dataset/Dataset_BUSI_with_GT\normal\normal (45).png,normal (45),767,601,1.276206322795341,RGB,1,98.30740378378496,48.44358354651054,0,255,28.0,186.0,97a6c59c9eccbecf74e7a91c8a94cf5b,80be771980d2b3cf,0,0.0,False,,,,,,,
normal (46).png,normal,datasets/Breast-Cancer-Ultrasound-Images-Dataset/Dataset_BUSI_with_GT\normal\normal (46).png,normal (46),393,310,1.267741935483871,RGB,1,67.32813756874333,55.70758343535727,0,249,1.0,168.0,62c371fcd991fbb9e00e285fe7ddb951,f2b08d4c7cad918d,0,0.0,False,,,,,,,
normal (47).png,normal,datasets/Breast-Cancer-Ultrasound-Images-Dataset/Dataset_BUSI_with_GT\normal\normal (47).png,normal (47),391,313,1.2492012779552715,RGB,1,84.62349345905885,58.0599207009411,0,251,2.0,184.0,c4558d97821c2e765dde205cd3c758a0,c6b8284a1dfcb4b5,0,0.0,False,,,,,,,
normal (48).png,normal,datasets/Breast-Cancer-Ultrasound-Images-Dataset/Dataset_BUSI_with_GT\normal\normal (48).png,normal (48),392,312,1.2564102564102564,RGB,1,78.16451628728414,51.135546501792206,0,254,9.0,171.0,c31dfbb90fc9e538178108c677358a41,98f966a78b8606c7,0,0.0,False,,,,,,,
normal (49).png,normal,datasets/Breast-Cancer-Ultrasound-Images-Dataset/Dataset_BUSI_with_GT\normal\normal (49).png,normal (49),396,316,1.2531645569620253,RGB,1,96.32099475770362,49.047868535063365,0,255,25.0,185.0,97956685ad34a343722b9ddf1be3cd4d,80be771980d2b3cf,0,0.0,False,,,,,,,
normal (5).png,normal,datasets/Breast-Cancer-Ultrasound-Images-Dataset/Dataset_BUSI_with_GT\normal\normal (5).png,normal (5),765,573,1.3350785340314135,RGB,1,113.96615451299775,53.93839755024796,0,255,22.0,199.0,608dc01679852c63bb1689d897e39794,8eb059db71ea90c5,0,0.0,False,,,,,,,
normal (50).png,normal,datasets/Breast-Cancer-Ultrasound-Images-Dataset/Dataset_BUSI_with_GT\normal\normal (50).png,normal (50),392,310,1.264516129032258,RGB,1,54.267783080974326,53.008914241489336,0,240,1.0,154.0,166e65a9d0ee6dddaea13e35bb6ea49f,c4d4bfbbe8e212c0,0,0.0,False,,,,,,,
normal (51).png,normal,datasets/Breast-Cancer-Ultrasound-Images-Dataset/Dataset_BUSI_with_GT\normal\normal (51).png,normal (51),554,490,1.1306122448979592,RGB,1,66.47951816105504,53.31383284307571,0,255,7.0,166.0,32555f11c12458ceabcc0125842abf0f,8683c94c8521fefe,0,0.0,False,,,,,,,
normal (52).png,normal,datasets/Breast-Cancer-Ultrasound-Images-Dataset/Dataset_BUSI_with_GT\normal\normal (52).png,normal (52),552,487,1.1334702258726899,RGB,1,66.91042466446449,53.30973541220564,0,255,7.0,167.0,eb92df744a46cf7ce037ccc60495e9a1,8683cb4ca521fafc,0,0.0,False,,,,,,,
normal (53).png,normal,datasets/Breast-Cancer-Ultrasound-Images-Dataset/Dataset_BUSI_with_GT\normal\normal (53).png,normal (53),757,648,1.1682098765432098,RGB,1,51.95957890960093,53.76936562352091,0,255,1.0,155.0,bae8fc6bb4c63567224352e2c9c06998,c4d4bfbbe8e01292,0,0.0,False,,,,,,,
normal (54).png,normal,datasets/Breast-Cancer-Ultrasound-Images-Dataset/Dataset_BUSI_with_GT\normal\normal (54).png,normal (54),554,492,1.1260162601626016,RGB,1,66.21829781925977,53.297778794008316,0,255,7.0,166.0,739b15950ba7a651c9a8db452cd0efe6,8683cb4c8521fafe,0,0.0,False,,,,,,,
normal (55).png,normal,datasets/Breast-Cancer-Ultrasound-Images-Dataset/Dataset_BUSI_with_GT\normal\normal (55).png,normal (55),557,491,1.1344195519348268,RGB,1,43.76811694888605,43.57050243829528,0,226,1.0,126.0,da2c3fb760bc9b0525011c9cafebe381,d1e1e86c2666cb1b,0,0.0,False,,,,,,,
normal (56).png,normal,datasets/Breast-Cancer-Ultrasound-Images-Dataset/Dataset_BUSI_with_GT\normal\normal (56).png,normal (56),763,598,1.2759197324414715,RGB,1,80.14425761713356,51.41850099583469,0,255,10.0,173.0,e76d1567608f00e626f301b92b45c58b,98f966a78a8687c6,0,0.0,False,,,,,,,
normal (57).png,normal,datasets/Breast-Cancer-Ultrasound-Images-Dataset/Dataset_BUSI_with_GT\normal\normal (57).png,normal (57),548,490,1.1183673469387756,RGB,1,44.46577536123939,44.02285893574715,0,229,1.0,127.0,8811380c0f22c878e78faa395cc9e905,f1e1eb6c26668a1a,0,0.0,False,,,,,,,
normal (58).png,normal,datasets/Breast-Cancer-Ultrasound-Images-Dataset/Dataset_BUSI_with_GT\normal\normal (58).png,normal (58),554,487,1.1375770020533882,RGB,1,81.03005952601576,46.44110675338185,0,255,20.0,171.0,8b2444e8e62e6611f2d37586cd18e58f,80b86ccfd3d2b2b2,0,0.0,False,,,,,,,
normal (59).png,normal,datasets/Breast-Cancer-Ultrasound-Images-Dataset/Dataset_BUSI_with_GT\normal\normal (59).png,normal (59),765,621,1.2318840579710144,RGB,1,64.44677675686485,55.632384585787406,0,252,1.0,165.0,20443e9b4b79eddc8a59622b1fe0b5b0,f2b28d4c7c2d318d,0,0.0,False,,,,,,,
normal (6).png,normal,datasets/Breast-Cancer-Ultrasound-Images-Dataset/Dataset_BUSI_with_GT\normal\normal (6).png,normal (6),776,574,1.3519163763066202,RGB,1,107.44060266173354,48.69764425119373,0,255,35.0,194.0,bd578111773b685036e3d763ad689031,aabb6146d5ad849a,0,0.0,False,,,,,,,
normal (60).png,normal,datasets/Breast-Cancer-Ultrasound-Images-Dataset/Dataset_BUSI_with_GT\normal\normal (60).png,normal (60),552,486,1.1358024691358024,RGB,1,81.63180279716109,46.479163705232,0,255,20.0,172.0,994529b1943230db698e0e61d0416b57,80b86ccfd3d2b2b2,0,0.0,False,,,,,,,
normal (61).png,normal,datasets/Breast-Cancer-Ultrasound-Images-Dataset/Dataset_BUSI_with_GT\normal\normal (61).png,normal (61),752,601,1.2512479201331115,RGB,1,86.46999017594788,58.044293616644865,0,251,2.0,186.0,f644ba33817eaaa3cb2844b1074e4bc2,c6b8084a1decbcb7,0,0.0,False,,,,,,,
normal (62).png,normal,datasets/Breast-Cancer-Ultrasound-Images-Dataset/Dataset_BUSI_with_GT\normal\normal (62).png,normal (62),763,598,1.2759197324414715,RGB,1,98.15168078829826,48.185805300345386,0,255,29.0,186.0,a4c494b26d1436d928b6b4a29b79f981,80be771980d2b3cf,0,0.0,False,,,,,,,
normal (63).png,normal,datasets/Breast-Cancer-Ultrasound-Images-Dataset/Dataset_BUSI_with_GT\normal\normal (63).png,normal (63),558,467,1.1948608137044967,RGB,1,71.52579570659974,65.91943693200048,0,255,1.0,187.0,d5d5a40026ed2a8c02e1de036555b78a,f3d3bc2c454dc2c2,0,0.0,False,,,,,,,
normal (64).png,normal,datasets/Breast-Cancer-Ultrasound-Images-Dataset/Dataset_BUSI_with_GT\normal\normal (64).png,normal (64),558,470,1.1872340425531915,RGB,1,71.810771753222,66.26779233619168,0,255,1.0,188.0,90e4a1827d1af3295d75b81bf38dd8d4,f3d3bc2c454dc2c2,0,0.0,False,,,,,,,
normal (65).png,normal,datasets/Breast-Cancer-Ultrasound-Images-Dataset/Dataset_BUSI_with_GT\normal\normal (65).png,normal (65),670,570,1.1754385964912282,RGB,1,34.15491489918827,27.5303744236545,0,223,2.0,87.0,f12fa3f2fb891398b91ff1f394e4d6b8,ad85925b4a5deec0,0,0.0,False,,,,,,,
normal (66).png,normal,datasets/Breast-Cancer-Ultrasound-Images-Dataset/Dataset_BUSI_with_GT\normal\normal (66).png,normal (66),561,468,1.1987179487179487,RGB,1,117.5778410043116,47.92380178122413,0,255,42.0,199.0,5468c06101c5278c34d1d0ec73a623f6,d7ea28b1efb21230,0,0.0,False,,,,,,,
normal (67).png,normal,datasets/Breast-Cancer-Ultrasound-Images-Dataset/Dataset_BUSI_with_GT\normal\normal (67).png,normal (67),545,493,1.105476673427992,RGB,1,44.271328879542956,43.96380679041749,0,228,1.0,127.0,84beabcc25dc8f53a9f06ac4e445707e,f1e1ea6c24668b1b,0,0.0,False,,,,,,,
normal (68).png,normal,datasets/Breast-Cancer-Ultrasound-Images-Dataset/Dataset_BUSI_with_GT\normal\normal (68).png,normal (68),558,488,1.1434426229508197,RGB,1,43.95920735648393,43.64624632008387,0,228,1.0,126.0,05ff823d754642044d67a3cd321f3410,d1e1e96c26668b1b,0,0.0,False,,,,,,,
normal (69).png,normal,datasets/Breast-Cancer-Ultrasound-Images-Dataset/Dataset_BUSI_with_GT\normal\normal (69).png,normal (69),556,487,1.1416837782340863,RGB,1,80.7140509358427,46.38207482788883,0,255,20.0,171.0,344783caa280502adb53f65ff30fd347,80b86cefd3d232b2,0,0.0,False,,,,,,,
normal (7).png,normal,datasets/Breast-Cancer-Ultrasound-Images-Dataset/Dataset_BUSI_with_GT\normal\normal (7).png,normal (7),770,585,1.3162393162393162,RGB,1,106.55662781662781,57.12712267628868,0,255,20.0,197.0,ed80f083b20240c4b0b35a1c6c116d38,81ad6f7e9c68d0a2,0,0.0,False,,,,,,,
normal (70).png,normal,datasets/Breast-Cancer-Ultrasound-Images-Dataset/Dataset_BUSI_with_GT\normal\normal (70).png,normal (70),557,471,1.1825902335456475,RGB,1,87.89338547801195,43.471589329381544,0,255,23.0,172.0,425f95cc4365322433cf9c670a7ca2c7,eda4435f1bc184e6,0,0.0,False,,,,,,,
normal (71).png,normal,datasets/Breast-Cancer-Ultrasound-Images-Dataset/Dataset_BUSI_with_GT\normal\normal (71).png,normal (71),547,470,1.1638297872340426,RGB,1,59.65753627134467,42.78220636238971,0,246,9.0,138.0,b989bc220dcf010399f66910357db15d,b5bd7a42c22cbc86,0,0.0,False,,,,,,,
normal (72).png,normal,datasets/Breast-Cancer-Ultrasound-Images-Dataset/Dataset_BUSI_with_GT\normal\normal (72).png,normal (72),916,692,1.323699421965318,RGB,1,65.22099729913926,28.54430706498487,0,225,26.0,118.0,b90b79f87edb121cf72bfc4fdce970ab,c0d75ff24497e0c2,0,0.0,False,,,,,,,
normal (73).png,normal,datasets/Breast-Cancer-Ultrasound-Images-Dataset/Dataset_BUSI_with_GT\normal\normal (73).png,normal (73),509,474,1.0738396624472575,RGB,1,67.6384281249741,58.56288773311049,0,255,1.0,174.0,f326df5333f0d5d1496288c64e0f917d,8dd57062329e8d8f,0,0.0,False,,,,,,,
normal (74).png,normal,datasets/Breast-Cancer-Ultrasound-Images-Dataset/Dataset_BUSI_with_GT\normal\normal (74).png,normal (74),558,467,1.1948608137044967,RGB,1,113.22450937502398,39.48904851694758,0,255,53.0,186.0,57e09f1ee0fdf4bc606438e70b29b138,cdc219f68da8cd92,0,0.0,False,,,,,,,
normal (75).png,normal,datasets/Breast-Cancer-Ultrasound-Images-Dataset/Dataset_BUSI_with_GT\normal\normal (75).png,normal (75),556,467,1.1905781584582442,RGB,1,76.29023847303314,43.02046959558026,0,255,12.0,156.0,62468c824085887cca315bd9bb12d91c,c2a835a4f3c33cce,0,0.0,False,,,,,,,
normal (76).png,normal,datasets/Breast-Cancer-Ultrasound-Images-Dataset/Dataset_BUSI_with_GT\normal\normal (76).png,normal (76),555,469,1.183368869936034,RGB,1,119.83629727808832,45.5886028627255,0,255,52.0,207.0,77ee1ebf0f40915353c215cb85eb0935,93e03e6f1ad4d4a4,0,0.0,False,,,,,,,
normal (77).png,normal,datasets/Breast-Cancer-Ultrasound-Images-Dataset/Dataset_BUSI_with_GT\normal\normal (77).png,normal (77),560,471,1.1889596602972399,RGB,1,108.23808386411889,58.68792805838448,0,255,22.0,206.0,b758d0385b51d73469e58851e9d0c2ac,8df17012dba63e0b,0,0.0,False,,,,,,,
normal (78).png,normal,datasets/Breast-Cancer-Ultrasound-Images-Dataset/Dataset_BUSI_with_GT\normal\normal (78).png,normal (78),731,478,1.5292887029288702,RGB,1,61.96393431363009,32.62558781810278,0,255,22.0,121.0,65873f5001e2434c71c962443e1dc743,9fe5c0024795b5f4,0,0.0,False,,,,,,,
normal (79).png,normal,datasets/Breast-Cancer-Ultrasound-Images-Dataset/Dataset_BUSI_with_GT\normal\normal (79).png,normal (79),703,471,1.4925690021231421,RGB,1,56.929525569820576,34.46052612071404,0,215,16.0,124.0,dd8807a48c3a24a49bf133e7d5a3912f,adc4941305277eed,0,0.0,False,,,,,,,
normal (8).png,normal,datasets/Breast-Cancer-Ultrasound-Images-Dataset/Dataset_BUSI_with_GT\normal\normal (8).png,normal (8),775,587,1.3202725724020443,RGB,1,62.36802769687311,52.50796292150539,0,238,1.0,161.0,dce691f43ffeb2dde76e9e5e8e7d9f75,ee8c91538aa0bde5,0,0.0,False,,,,,,,
normal (80).png,normal,datasets/Breast-Cancer-Ultrasound-Images-Dataset/Dataset_BUSI_with_GT\normal\normal (80).png,normal (80),562,470,1.195744680851064,RGB,1,96.95666691905808,59.29935835871212,0,255,16.0,201.0,c7761cb4f2db83b5946daaf0a0a7534c,8cd1530ebdb1cacc,0,0.0,False,,,,,,,
normal (81).png,normal,datasets/Breast-Cancer-Ultrasound-Images-Dataset/Dataset_BUSI_with_GT\normal\normal (81).png,normal (81),767,587,1.3066439522998297,RGB,1,105.16017626585582,57.568492514062726,0,255,19.0,201.0,61c6e4da2aabe9d3fe2b3755b9bac85d,daba2415036ecbf4,0,0.0,False,,,,,,,
normal (82).png,normal,datasets/Breast-Cancer-Ultrasound-Images-Dataset/Dataset_BUSI_with_GT\normal\normal (82).png,normal (82),560,468,1.1965811965811965,RGB,1,86.67875076312576,58.19539801442407,0,255,13.0,193.0,da6ecceb4f248c530d5e3fde6b8ab2d1,edb15373a58686c8,0,0.0,False,,,,,,,
normal (83).png,normal,datasets/Breast-Cancer-Ultrasound-Images-Dataset/Dataset_BUSI_with_GT\normal\normal (83).png,normal (83),619,576,1.0746527777777777,RGB,1,169.63313924789085,40.93631709640725,0,255,98.0,238.0,fdde9bb539dcd6a92c9c6c1d5c3b312a,e5bc3fc369015a61,0,0.0,False,,,,,,,
normal (84).png,normal,datasets/Breast-Cancer-Ultrasound-Images-Dataset/Dataset_BUSI_with_GT\normal\normal (84).png,normal (84),509,477,1.0670859538784068,RGB,1,92.92028188621583,44.393226556646994,0,255,20.0,168.0,adcfdd6f94ad08211c9a74190d0d3908,e49c1b3bc7a0d09d,0,0.0,False,,,,,,,
normal (85).png,normal,datasets/Breast-Cancer-Ultrasound-Images-Dataset/Dataset_BUSI_with_GT\normal\normal (85).png,normal (85),557,464,1.2004310344827587,RGB,1,64.50790487835077,38.960846244985696,0,254,12.0,138.0,a7b928d0e64e17f2065c99981cac2a0f,c3a46c6d8cda4793,0,0.0,False,,,,,,,
normal (86).png,normal,datasets/Breast-Cancer-Ultrasound-Images-Dataset/Dataset_BUSI_with_GT\normal\normal (86).png,normal (86),552,469,1.1769722814498933,RGB,1,98.93151864899107,41.30770995312897,0,255,37.0,174.0,3235a7f6cabd9f5ae450b5e128327357,d1b929cf2c90dec4,0,0.0,False,,,,,,,
normal (87).png,normal,datasets/Breast-Cancer-Ultrasound-Images-Dataset/Dataset_BUSI_with_GT\normal\normal (87).png,normal (87),552,467,1.1820128479657388,RGB,1,57.717961549203984,42.62582409326056,0,225,3.0,137.0,6d58bc5369178ff414c7f2f6b639e6dc,92dd6b2bc36a2594,0,0.0,False,,,,,,,
normal (88).png,normal,datasets/Breast-Cancer-Ultrasound-Images-Dataset/Dataset_BUSI_with_GT\normal\normal (88).png,normal (88),560,463,1.2095032397408207,RGB,1,48.14935976550447,43.66082660230187,0,241,1.0,131.0,b81b4f6dc2d1ee658fbfcd2fc6ec61a0,c0c3a75cbc3f61b0,0,0.0,False,,,,,,,
normal (89).png,normal,datasets/Breast-Cancer-Ultrasound-Images-Dataset/Dataset_BUSI_with_GT\normal\normal (89).png,normal (89),558,467,1.1948608137044967,RGB,1,88.2762427758974,53.1054422640942,0,255,14.0,175.0,42c4aba8aa481ff8a3d1ae91f0f3f996,cc9179ba93d33286,0,0.0,False,,,,,,,
normal (9).png,normal,datasets/Breast-Cancer-Ultrasound-Images-Dataset/Dataset_BUSI_with_GT\normal\normal (9).png,normal (9),495,491,1.0081466395112015,RGB,1,46.7489724125162,55.40100563414512,0,255,1.0,157.0,dad50e2fa1cb2fb16d645c831eb52502,e4e48f1b785c48f8,0,0.0,False,,,,,,,
normal (90).png,normal,datasets/Breast-Cancer-Ultrasound-Images-Dataset/Dataset_BUSI_with_GT\normal\normal (90).png,normal (90),558,496,1.125,RGB,1,76.30738741473003,44.96839436912003,0,255,14.0,160.0,a759b1de35cdb73d78c9337414240580,94c16b98ce2fe19c,0,0.0,False,,,,,,,
normal (91).png,normal,datasets/Breast-Cancer-Ultrasound-Images-Dataset/Dataset_BUSI_with_GT\normal\normal (91).png,normal (91),558,493,1.13184584178499,RGB,1,61.804168756861294,40.451249385943456,0,255,10.0,136.0,d05dc9da684641d45530b9d47dbbeceb,809866e4a8cf9ef3,0,0.0,False,,,,,,,
normal (92).png,normal,datasets/Breast-Cancer-Ultrasound-Images-Dataset/Dataset_BUSI_with_GT\normal\normal (92).png,normal (92),554,486,1.139917695473251,RGB,1,72.05639494287709,43.188777012983806,0,255,15.0,156.0,cd7a10d9bd44f9736f56b7a2fb62016b,ed9d00cb82f4f1ac,0,0.0,False,,,,,,,
normal (93).png,normal,datasets/Breast-Cancer-Ultrasound-Images-Dataset/Dataset_BUSI_with_GT\normal\normal (93).png,normal (93),770,578,1.3321799307958477,RGB,1,112.12849728126545,44.406128489742194,0,255,42.0,192.0,1f6faba65aa726fd3b1456555e2fdd51,89bc7ac3259c6bc2,0,0.0,False,,,,,,,
normal (94).png,normal,datasets/Breast-Cancer-Ultrasound-Images-Dataset/Dataset_BUSI_with_GT\normal\normal (94).png,normal (94),678,585,1.158974358974359,RGB,1,94.67735420921261,49.77588746152879,0,255,24.0,183.0,bed9c9c82a53b627129b5b7f52b3217a,f0af49918f2e78b0,0,0.0,False,,,,,,,
normal (95).png,normal,datasets/Breast-Cancer-Ultrasound-Images-Dataset/Dataset_BUSI_with_GT\normal\normal (95).png,normal (95),693,582,1.190721649484536,RGB,1,126.98200463148916,46.895216567974586,0,255,46.0,200.0,3acb3b8f306d5d97bf9439c09f92a683,9dfb450a3e8c3552,0,0.0,False,,,,,,,
normal (96).png,normal,datasets/Breast-Cancer-Ultrasound-Images-Dataset/Dataset_BUSI_with_GT\normal\normal (96).png,normal (96),687,578,1.1885813148788926,RGB,1,105.73110107130445,50.65503358854786,0,255,29.0,190.0,d96a525313bdf6683bfcfdba98b18674,90ebaf6e8c9f4310,0,0.0,False,,,,,,,
normal (97).png,normal,datasets/Breast-Cancer-Ultrasound-Images-Dataset/Dataset_BUSI_with_GT\normal\normal (97).png,normal (97),560,470,1.1914893617021276,RGB,1,77.77983282674772,51.47207957974737,0,255,14.0,170.0,8156900cf00a380cff4ce03cb3244ede,80847773dd9db192,0,0.0,False,,,,,,,
normal (98).png,normal,datasets/Breast-Cancer-Ultrasound-Images-Dataset/Dataset_BUSI_with_GT\normal\normal (98).png,normal (98),562,470,1.195744680851064,RGB,1,77.35482319981828,51.30077109074086,0,255,14.0,169.0,4fd6a1f35925fb6f36877fd0e24b73ff,80847773dd9db192,0,0.0,False,,,,,,,
normal (99).png,normal,datasets/Breast-Cancer-Ultrasound-Images-Dataset/Dataset_BUSI_with_GT\normal\normal (99).png,normal (99),556,468,1.188034188034188,RGB,1,85.66308491668204,48.21889226472489,0,255,22.0,174.0,cc5278cdcd17f08864838ee84decf40c,a6b1598f0a62c7f1,0,0.0,False,,,,,,,
